lga_id,epi_year,epi_week,zone,lga_type,target_4w,y_pred,v_state,advantage
1,2024,34,SE,rural,0.5747126436781609,2.062927654572521,0.010681145936467084,0.008739119402563975
1,2024,35,SE,rural,3.103448275862069,3.299618558936537,-0.04150764892321671,-0.03396080366445003
1,2024,36,SE,rural,3.371647509578544,3.235512731622788,-0.1895538203396054,-0.155089489368768
1,2024,37,SE,rural,0.8045977011494252,2.1303271206106587,0.12459927526993723,0.10194486158449408
1,2024,38,SE,rural,4.865900383141762,2.8243971080848254,-0.060979912369073234,-0.04989265557469628
1,2024,39,SE,rural,2.911877394636015,1.9590961124725141,0.2554175892924198,0.20897802760288886
1,2024,40,SE,rural,0.9578544061302682,1.5002779640650024,0.2953435027670695,0.24164468408214773
1,2024,41,SE,rural,0.07662835249042145,1.9209946988394355,0.12635819378202642,0.10338397673074887
1,2024,42,SE,rural,3.639846743295019,1.4243705943022604,0.08994894304574874,0.07359458976470351
1,2024,43,SE,rural,5.325670498084291,3.083483088020402,-0.12294277559586642,-0.10058954366934522
1,2024,44,SE,rural,4.827586206896552,2.9518370492775454,-0.18942266350447623,-0.15498217923093505
1,2024,45,SE,rural,3.4099616858237547,2.617323327527487,-0.046755345386575,-0.038254373498106814
1,2024,46,SE,rural,1.9923371647509578,1.694808904058007,0.14157214054141778,0.11583175135206905
1,2024,47,SE,rural,5.325670498084291,1.6154641695386383,0.06779737087739474,0.055470576172413855
1,2024,48,SE,rural,4.406130268199234,2.1657382124401194,0.024126367432950244,0.019739755172413834
2,2024,34,SE,rural,0.3710850526940775,0.6634946946757736,0.04245941971903537,0.034739525224665294
2,2024,35,SE,rural,0.18554252634703874,0.5525298495426096,-0.018706014278246814,-0.015304920773111026
2,2024,36,SE,rural,0.395824056207016,0.8715478507216738,-0.06064194046846687,-0.04961613311056379
2,2024,37,SE,rural,1.5214487160457177,1.2515899342353314,-0.13678680583669703,-0.1119164775027521
2,2024,38,SE,rural,0.5318885755281778,1.2548280028826404,-0.11873475953082537,-0.09714662143431164
2,2024,39,SE,rural,0.38345455445054677,1.179355596691914,-0.1179379500528491,-0.09649468640687653
2,2024,40,SE,rural,1.088516154569294,1.1819313265477298,-0.09932386950413234,-0.08126498413974463
2,2024,41,SE,rural,1.7317302459056951,0.9764720476290476,-0.04020543430202804,-0.03289535533802293
2,2024,42,SE,rural,1.3235366879422097,0.9984399894617231,-0.026696274354709153,-0.021842406290216578
2,2024,43,SE,rural,0.9524516352481323,0.773691835966517,0.023136084211350928,0.018929523445650753
2,2024,44,SE,rural,1.2245806738904559,0.5934926447274844,0.07395368012365296,0.06050755646480695
2,2024,45,SE,rural,1.0142991440304785,0.638560665687828,0.08929813299969021,0.07306210881792834
2,2024,46,SE,rural,1.236950175646925,0.8413021053133763,0.04973594247763906,0.040693043845341045
2,2024,47,SE,rural,1.6575132353668796,1.0373178665761504,0.037209806671181574,0.030444387276421285
2,2024,48,SE,rural,0.30923754391173125,0.6187774892925055,0.08421076743481279,0.06889971881030135
3,2024,34,SE,semi-urban,1.773049645390071,1.4985005211427183,0.1641843957798323,0.1343326874562264
3,2024,35,SE,semi-urban,4.376037422664856,1.7983130980217144,0.1993238045573223,0.16308311281962729
3,2024,36,SE,semi-urban,1.6598762637694282,1.1811906764882578,0.3312656822881743,0.27103555823577896
3,2024,37,SE,semi-urban,1.8107741059302853,1.9149244114071382,0.24957574851316006,0.20419833969258544
3,2024,38,SE,semi-urban,3.3197525275388564,2.3791570801508266,-0.00111794031078144,-0.0009146784360939053
3,2024,39,SE,semi-urban,1.4712539610683568,1.7841574057875533,0.13744157422762213,0.1124521970953272
3,2024,40,SE,semi-urban,0.679040289723857,1.422521568974736,0.00818270002306143,0.006694936382504806
3,2024,41,SE,semi-urban,0.679040289723857,2.1814717368008374,0.006208424178826658,0.005079619782676356
3,2024,42,SE,semi-urban,1.508978421608571,1.2712352366022561,-0.011264128732680276,-0.009216105326738406
3,2024,43,SE,semi-urban,4.8287309491474275,2.7672736141680967,-0.19467580948195506,-0.1592802077579632
3,2024,44,SE,semi-urban,5.5077712388712845,2.659000038530276,-0.16334194698388363,-0.13364341116863201
3,2024,45,SE,semi-urban,1.508978421608571,1.9278853865158052,0.05205188168248975,0.04258790319476434
3,2024,46,SE,semi-urban,3.4329259091594992,2.03406132509871,0.10637735690616985,0.08703601928686623
3,2024,47,SE,semi-urban,2.301192092953071,1.4501894457843987,0.255471027967972,0.20902175015561342
3,2024,48,SE,semi-urban,2.7916100799758565,1.9808744349107057,0.14575944573336355,0.11925772832729745
4,2024,34,SE,urban,1.8917059748427674,1.3501516020325128,0.25749670066685587,0.21067911872742745
4,2024,35,SE,urban,0.294811320754717,1.4025630507074096,0.18012981661680855,0.1473789408682979
4,2024,36,SE,urban,1.572327044025157,1.816164599855129,0.10960346679493721,0.08967556374131225
4,2024,37,SE,urban,2.6041666666666665,2.6424707298842973,-0.19353362573698837,-0.15834569378480864
4,2024,38,SE,urban,2.5304638364779874,2.2496727038235274,-0.10636700362028212,-0.08702754841659444
4,2024,39,SE,urban,1.1301100628930818,1.9786338038688396,-0.10443814078593426,-0.08544938791576438
4,2024,40,SE,urban,0.1228380503144654,1.9413786446137067,0.00715633638717033,0.005855184316775723
4,2024,41,SE,urban,1.572327044025157,1.3857572101447302,-0.02585257031665222,-0.021152102986351815
4,2024,42,SE,urban,2.383058176100629,1.8487623305793546,-0.09405041136038375,-0.07695033656758668
4,2024,43,SE,urban,2.7270047169811322,1.8444837018108646,-0.11122993465774324,-0.09100631017451717
4,2024,44,SE,urban,1.572327044025157,2.2124167993829507,-0.027512266981871883,-0.02251003662153154
4,2024,45,SE,urban,0.5404874213836478,1.2834591432012494,0.1303956063702704,0.1066873143029485
4,2024,46,SE,urban,2.4813286163522013,1.2324159401721977,0.15925483057946396,0.13029940683774324
4,2024,47,SE,urban,2.0882468553459117,1.2039607332910465,0.1856898572339328,0.15192806500958136
4,2024,48,SE,urban,0.2702437106918239,1.1224630329579561,0.17682786323211483,0.14467734264445756
5,2024,34,SE,urban,0.5850340136054422,0.8142828672757183,0.06467243393017491,0.052913809579234014
5,2024,35,SE,urban,1.0612244897959184,0.9128279085932945,0.010624200198518305,0.008692527435151339
5,2024,36,SE,urban,0.5034013605442177,0.820939142299793,0.00706901537200226,0.00578373984982003
5,2024,37,SE,urban,2.0,1.1582039869832057,-0.033974133486302543,-0.0277970183069748
5,2024,38,SE,urban,0.7755102040816326,0.7533312455644184,0.04945169525301713,0.04046047793428673
5,2024,39,SE,urban,0.9659863945578231,0.9741077809755585,0.04913266972486949,0.040199457047620485
5,2024,40,SE,urban,1.469387755102041,0.8675953149597041,0.034251558220997846,0.028024002180816417
5,2024,41,SE,urban,0.5306122448979592,0.6225238830773567,0.07631540799454475,0.06243987926826389
5,2024,42,SE,urban,1.1700680272108843,1.295340377554437,-0.05672733495811806,-0.04641327405664204
5,2024,43,SE,urban,2.0272108843537415,1.326992351511245,-0.07564486674596622,-0.061891254610336
5,2024,44,SE,urban,1.401360544217687,1.1045014884163047,-0.03878617820030598,-0.03173414580025034
5,2024,45,SE,urban,1.2380952380952381,1.3974788505776619,-0.06245973273632041,-0.051103417693353054
5,2024,46,SE,urban,1.619047619047619,0.9371198962978982,0.012734950793265304,0.010419505194489793
5,2024,47,SE,urban,1.9591836734693877,1.0031650506137022,0.07693453421088438,0.06294643708163265
5,2024,48,SE,urban,0.46258503401360546,0.848068607391361,0.09300455850340136,0.0760946387755102
6,2024,34,SE,rural,0.7139054256812352,1.0007821788926339,-0.026561673080648485,-0.02173227797507603
6,2024,35,SE,rural,0.4114031266637626,0.6859238062849644,-0.019084071292989745,-0.015614240148809785
6,2024,36,SE,rural,1.585112046851556,0.9994035113130846,-0.004947291787892829,-0.004047784190094132
6,2024,37,SE,rural,0.9801074488166109,0.6843892444041224,0.0496047053273616,0.04058566799511403
6,2024,38,SE,rural,0.5445041382314505,0.6886552313265191,0.016836502629305635,0.013775320333068244
6,2024,39,SE,rural,0.048400367842795604,0.5534413116841657,-0.003325442191787289,-0.002720816338735054
6,2024,40,SE,rural,0.8954068050917187,0.8490823563742351,-0.028205623921041284,-0.023077328662670135
6,2024,41,SE,rural,1.573011954890857,1.232956262517184,-0.1011944523240688,-0.08279546099241993
6,2024,42,SE,rural,0.8228062533275252,1.089804347663098,-0.07493024358485288,-0.06130656293306143
6,2024,43,SE,rural,1.089008276462901,0.9583126499147179,-0.042050471083350714,-0.03440493088637785
6,2024,44,SE,rural,1.0043076327380087,0.7442490718099745,0.05436395046235616,0.04447959583283685
6,2024,45,SE,rural,1.2342093799912879,0.6845380225370309,0.08007571723402002,0.06551649591874364
6,2024,46,SE,rural,0.7502057015633319,0.7012128843427867,0.0493737085113862,0.04039667060022506
6,2024,47,SE,rural,0.7865059774454285,0.6694897708731037,0.06714837403199267,0.05493957875344853
6,2024,48,SE,rural,0.0605004598034945,0.6579781054064718,0.07665340097284742,0.06271641897778424
7,2024,34,SE,rural,1.6643709825528008,1.6685590482979975,0.025405669315193405,0.020786456712430963
7,2024,35,SE,rural,0.2295684113865932,1.084782138740327,0.18133284627244642,0.14836323785927433
7,2024,36,SE,rural,0.038261401897765536,1.0823485205493488,0.10184138653645926,0.08332477080255755
7,2024,37,SE,rural,0.7652280379553107,1.0903612936704152,0.008407347881366361,0.006878739175663385
7,2024,38,SE,rural,1.4156718702173248,1.415224586416592,-0.004877507828205662,-0.00399068822307736
7,2024,39,SE,rural,1.3774104683195594,1.819252259393673,-0.08942848497036589,-0.07316876043029934
7,2024,40,SE,rural,1.2817569635751453,1.4523265015738689,-0.055872698171076235,-0.0457140257763351
7,2024,41,SE,rural,0.6695745332108969,1.1701366568397549,0.006656763983752314,0.00544644325943371
7,2024,42,SE,rural,1.970462197734925,1.1030278187683789,-0.015842720425635906,-0.012962225802793013
7,2024,43,SE,rural,0.8034894398530762,1.0318893812851575,-0.02049032726498738,-0.01676481321680785
7,2024,44,SE,rural,1.1861034588307315,1.2646602649173333,-0.08031673838726032,-0.06571369504412207
7,2024,45,SE,rural,2.1043771043771042,1.5083719888014133,-0.14440169472998737,-0.1181468411427169
7,2024,46,SE,rural,2.6209060299969393,1.3683911386169443,-0.08385634575126265,-0.06860973743285124
7,2024,47,SE,rural,2.2765534129170493,1.4308757228314206,-0.05300926115319867,-0.0433712136707989
7,2024,48,SE,rural,0.9374043464952556,1.0405946384310596,0.06400750420875423,0.05236977617079891
8,2024,34,SE,rural,1.1644715708319948,1.2489627841064297,-0.022387552627659266,-0.018317088513539397
8,2024,35,SE,rural,1.8337081057929114,1.515397395605611,-0.05276764169420582,-0.04317352502253202
8,2024,36,SE,rural,0.14723203769140164,0.6704922907145918,0.08628144313278924,0.07059390801773663
8,2024,37,SE,rural,0.8164685726523182,0.7440602526680886,0.03768958061442797,0.030836929593622872
8,2024,38,SE,rural,0.9904700717421565,0.8489536285993585,0.02979446226873786,0.02437728731078552
8,2024,39,SE,rural,0.3480029981796766,0.7862820544019591,0.05264259617650507,0.043071215053504135
8,2024,40,SE,rural,0.7763143805546632,1.222795092916897,-0.027375708584945993,-0.022398307024046715
8,2024,41,SE,rural,1.980940143484313,1.1956526328492003,0.004669488420103539,0.003820490525539258
8,2024,42,SE,rural,0.6023128814648249,0.7728400077184012,0.07276172763979433,0.05953232261437716
8,2024,43,SE,rural,0.2141556911874933,0.7854108463548066,0.054192549062299006,0.044339358323699174
8,2024,44,SE,rural,0.3881571902773316,0.6603601393615487,0.054927087884965864,0.044940344633153884
8,2024,45,SE,rural,0.5889281507656066,0.6538023342991381,0.029545366610908015,0.024173481772561102
8,2024,46,SE,rural,1.6864760681015096,1.464623651541615,-0.11325303382895323,-0.09266157313277991
8,2024,47,SE,rural,0.7495449191562266,1.3989236968793528,-0.1093664063788281,-0.08948160521904115
8,2024,48,SE,rural,1.9140164899882213,1.315038205279903,-0.1296335928297998,-0.1060638486789271
9,2024,34,SE,rural,0.018913602663035253,0.6494182790483951,-0.03658707585568432,-0.029934880245559896
9,2024,35,SE,rural,1.1726433651081858,1.0994115929460326,-0.09115080874131185,-0.07457793442470967
9,2024,36,SE,rural,0.9173097291572099,1.020798905266215,-0.0628431733124856,-0.05141714180112457
9,2024,37,SE,rural,0.3404448479346346,1.147589111452209,-0.12125223847634593,-0.09920637693519212
9,2024,38,SE,rural,1.2861249810863973,1.267351365509648,-0.11113725852321937,-0.09093048424627037
9,2024,39,SE,rural,0.30261764260856405,0.6109322598347129,-0.014105874856630856,-0.011541170337243426
9,2024,40,SE,rural,0.028370403994552883,0.7499897116844594,-0.055144960983698844,-0.04511860444120814
9,2024,41,SE,rural,0.8416553185050688,1.1023678150560696,-0.10845787486568946,-0.08873826125374591
9,2024,42,SE,rural,1.219927371765774,0.980878924131273,-0.07953731871719542,-0.0650759880413417
9,2024,43,SE,rural,1.1631865637766683,1.1559402409331352,-0.10381684032137656,-0.08494105117203535
9,2024,44,SE,rural,0.813284914510516,1.01036486107537,-0.07007896927641,-0.057337338498880897
9,2024,45,SE,rural,0.7849145105159631,0.6516589364257883,0.006326860134118047,0.005176521927914764
9,2024,46,SE,rural,0.42555605991829326,0.608327148199686,0.024480774136802087,0.020029724293747157
9,2024,47,SE,rural,0.04728400665758814,0.6031392635590592,-0.011632897811696175,-0.00951782548229687
9,2024,48,SE,rural,1.2104705704342562,0.9295784033273239,-0.0836053031850507,-0.06840433896958693
10,2024,34,SE,rural,0.05265929436545551,0.6379251025899167,0.027644124024193577,0.022617919656158378
10,2024,35,SE,rural,1.2111637704054767,1.2793707848414728,-0.07095191617102549,-0.05805156777629357
10,2024,36,SE,rural,0.03949447077409163,0.8102110758877143,-0.0591310879477203,-0.04837998104813478
10,2024,37,SE,rural,1.5534491837809374,1.239025931424934,-0.09444997132947226,-0.07727724926956821
10,2024,38,SE,rural,0.539757767245919,0.7350957526052403,-0.0366553871638527,-0.02999077131587948
10,2024,39,SE,rural,1.4876250658241181,1.3184032094802602,-0.011374552452592343,-0.00930645200666646
10,2024,40,SE,rural,0.6187467087941022,0.7759380099051609,-0.008770467986562615,-0.00717583744355123
10,2024,41,SE,rural,0.2896261190100053,0.6344311141383532,0.04643095390672254,0.037988962287318434
10,2024,42,SE,rural,1.711427066877304,1.1656722228654666,-0.06124594220538189,-0.050110316349857895
10,2024,43,SE,rural,0.6187467087941022,0.7641787853522248,0.021604822119940966,0.01767667264358806
10,2024,44,SE,rural,0.42127435492364407,1.0052429120233806,-0.035368696990965606,-0.02893802481079004
10,2024,45,SE,rural,0.3422854133754608,0.7527432630982089,-0.03938957558581078,-0.032227834570208815
10,2024,46,SE,rural,0.7240652975250133,0.6958577522350571,-0.01645593598267181,-0.013463947622186022
10,2024,47,SE,rural,1.8694049499736705,1.4848451623101848,-0.14759246678350452,-0.1207574728228673
10,2024,48,SE,rural,1.1453396524486572,1.173391075081967,-0.10449295231042657,-0.08549423370853082
11,2024,34,SE,rural,0.610369093781416,1.7030649210163222,0.3616235670896457,0.295873827618801
11,2024,35,SE,rural,1.5079707022834985,1.5412151165310477,0.26611927643323885,0.21773395344537716
11,2024,36,SE,rural,3.9135430130690794,2.973344100827655,0.05127930485665265,0.041955794882715794
11,2024,37,SE,rural,0.8976016085020824,2.0763468340291,0.01618969795146444,0.01324611650574363
11,2024,38,SE,rural,2.2260519890851644,1.9562104140511642,-0.013162218093557316,-0.010769087531092349
11,2024,39,SE,rural,2.2260519890851644,2.1546861832879642,0.03389450911641877,0.027731871095251708
11,2024,40,SE,rural,3.123653597587247,2.752889221237865,0.03981698438696124,0.03257753268024101
11,2024,41,SE,rural,1.3643544449231653,1.433764072256684,-0.03483135032867079,-0.02849837754163973
11,2024,42,SE,rural,4.488008042510412,2.5550021917933545,-0.07664468154417343,-0.06270928489977824
11,2024,43,SE,rural,2.3696682464454977,1.7796058199766616,-0.007419891058135402,-0.006070819956656237
11,2024,44,SE,rural,0.7180812868016659,1.7655708746536658,-0.016415795589898,-0.013431105482643816
11,2024,45,SE,rural,4.344391785150079,3.0872160190712505,-0.17113165512376186,-0.14001680873762332
11,2024,46,SE,rural,3.6622145626884963,2.642205759493838,0.08461707513487368,0.06923215238307845
11,2024,47,SE,rural,3.4826942409880797,2.960568993111024,0.09963224342417067,0.08151729007432144
11,2024,48,SE,rural,0.5385609651012494,1.88195411041727,0.2736558511058452,0.2239002418138733
12,2024,34,SE,urban,1.5151515151515151,2.3295821701009607,-0.16857590871137246,-0.1379257434911229
12,2024,35,SE,urban,1.2396694214876032,1.9831837743698681,-0.06461437918937019,-0.052866310245848314
12,2024,36,SE,urban,1.721763085399449,1.8790195339080664,-0.0993317877287022,-0.08127146268711997
12,2024,37,SE,urban,0.7805325987144168,1.7751491011531766,-0.13469754391950692,-0.11020708138868748
12,2024,38,SE,urban,1.5151515151515151,1.7564671125299067,-0.13880753576388785,-0.1135698019886355
12,2024,39,SE,urban,2.203856749311295,1.9651626926221284,-0.16805649949677795,-0.13750077231554556
12,2024,40,SE,urban,1.1019283746556474,1.8529810825939135,-0.13964040184718213,-0.11425123787496716
12,2024,41,SE,urban,2.2727272727272725,2.1377714097754517,-0.2160644512204806,-0.17678000554402953
12,2024,42,SE,urban,1.446280991735537,1.5186177983395972,-0.14834268527049593,-0.12137128794858754
12,2024,43,SE,urban,3.3976124885215793,1.8265549742284517,-0.15734692902619085,-0.1287383964759743
12,2024,44,SE,urban,2.3875114784205693,1.890733594225176,-0.08202892070843053,-0.06711457148871587
12,2024,45,SE,urban,1.423324150596878,1.2111356262678337,0.0499727367862008,0.040886784643255195
12,2024,46,SE,urban,2.594123048668503,1.5625395008194638,0.062012170133712165,0.05073723010940085
12,2024,47,SE,urban,1.2396694214876032,1.0293844517075854,0.1983569685732324,0.162292065196281
12,2024,48,SE,urban,1.1707988980716253,1.4387669389482787,0.10831659974747482,0.0886226725206612
13,2024,34,SE,rural,2.0494803103498755,1.492848168473062,-0.1436365461109736,-0.11752081045443291
13,2024,35,SE,rural,0.8783487044356609,1.3976431304490269,-0.08183041829427662,-0.06695216042258995
13,2024,36,SE,rural,2.2690674864587907,1.4625082643031195,-0.03545451273249263,-0.029008237690221234
13,2024,37,SE,rural,0.16469038208168643,0.6659021884387084,0.10582491725156265,0.08658402320582398
13,2024,38,SE,rural,1.5188113014199969,1.3988318499426604,0.009523773281104339,0.007792178139085367
13,2024,39,SE,rural,1.9030888596105986,1.6018205151531224,-0.03491184389935407,-0.02856423591765333
13,2024,40,SE,rural,1.4456155760503586,1.4208080817324011,0.05506801497934868,0.045055648619467085
13,2024,41,SE,rural,0.5306690089298784,1.2478804459166868,-0.0031456573031446895,-0.0025737196116638363
13,2024,42,SE,rural,0.9149465671204801,1.1091158877589093,0.05765027612020619,0.047168407734714146
13,2024,43,SE,rural,0.8417508417508417,0.7654242127489492,0.06187581476965166,0.05062566662971499
13,2024,44,SE,rural,2.5435514565949346,1.7352490727856957,0.012053343069741842,0.009861826147970595
13,2024,45,SE,rural,1.7383984775289123,1.317987937636686,0.0641099405967693,0.052453587760993056
13,2024,46,SE,rural,0.09149465671204801,1.0092898245373279,0.1317201883605072,0.10777106320405133
13,2024,47,SE,rural,1.8664909969257795,0.8630098174745026,0.07293710698470203,0.05967581480566529
13,2024,48,SE,rural,1.5371102327624067,0.8763109361321599,0.09526967592592588,0.0779479166666666
14,2024,34,SE,semi-urban,0.6037941646215574,0.8221340220633929,-0.030479170543685406,-0.024937503172106235
14,2024,35,SE,semi-urban,1.1491566358926415,0.7823857641350515,-0.006884670912530746,-0.005632912564797882
14,2024,36,SE,semi-urban,0.8764754002570995,0.5642975364476019,0.003876942300787344,0.00317204370064419
14,2024,37,SE,semi-urban,1.1102021736589927,0.8806698221257921,-0.003265057960089632,-0.0026714110582551527
14,2024,38,SE,semi-urban,0.9933387869580461,0.7466494749063193,-0.004511400079459246,-0.0036911455195575643
14,2024,39,SE,semi-urban,0.7109189357640918,0.600992050362376,0.014609007951802703,0.011952824687838572
14,2024,40,SE,semi-urban,1.0225546336332827,0.7574830835080836,-0.0024834046464923655,-0.0020318765289482985
14,2024,41,SE,semi-urban,0.7985664757898018,0.6178944142144911,0.008069125908155223,0.006602012106672455
14,2024,42,SE,semi-urban,0.856998169140275,0.6977331474288323,-0.008965927763282608,-0.007335759079049405
14,2024,43,SE,semi-urban,0.9738615558412216,0.8469542127818745,-0.0246971539198762,-0.020206762298080525
14,2024,44,SE,semi-urban,1.431576487086596,0.9195540374267153,-0.02364218340760887,-0.019343604606225435
14,2024,45,SE,semi-urban,0.8375209380234506,0.727501853158968,0.001038005991268171,0.0008492776292194123
14,2024,46,SE,semi-urban,0.7693506291145651,0.6090429230919364,0.017248000106240974,0.014112000086924432
14,2024,47,SE,semi-urban,0.038954462233648866,0.5647631020753715,0.03575516406475204,0.029254225143888035
14,2024,48,SE,semi-urban,0.7109189357640918,0.6729418663864174,0.007145502634295492,0.005846320337150855
15,2024,34,SE,urban,1.395927177177177,0.9449875622956566,0.09169205991996515,0.07502077629815329
15,2024,35,SE,urban,0.18768768768768768,0.7604862065259073,0.10012277953322192,0.08191863779990884
15,2024,36,SE,urban,1.0557432432432432,0.7670663707848121,0.05884956308292159,0.04814964252239038
15,2024,37,SE,urban,0.5161411411411411,0.7224614208162577,0.06557300488145927,0.053650640357557566
15,2024,38,SE,urban,1.736111111111111,1.4617945375011019,0.05243105061812218,0.04289813232391814
15,2024,39,SE,urban,0.25807057057057053,0.6963380315098192,0.043347007358813965,0.03546573329357506
15,2024,40,SE,urban,0.04692192192192192,0.6576966868375392,0.07272661139611371,0.05950359114227484
15,2024,41,SE,urban,0.18768768768768768,0.7701767503252088,0.0413088740693122,0.03379816969307361
15,2024,42,SE,urban,0.8680555555555555,0.7570232246711988,0.06592240725543354,0.05393651502717288
15,2024,43,SE,urban,1.0440127627627627,1.1808922313581918,-0.01883711791765953,-0.015412187387175976
15,2024,44,SE,urban,1.2786223723723722,1.030694327886633,-0.002615345308702711,-0.002139827979847672
15,2024,45,SE,urban,0.3636448948948949,0.610061197265886,0.0740801905697088,0.06061106501157992
15,2024,46,SE,urban,0.7742117117117117,0.7706358907671742,0.0967392111011578,0.07915026362822
15,2024,47,SE,urban,0.293262012012012,0.5807189578223616,0.11204565455318599,0.0916737173616976
15,2024,48,SE,urban,0.5044106606606606,0.610407993587041,0.07624123445711337,0.06237919182854729
16,2024,34,SE,rural,1.6718106995884772,1.3410437455238642,-0.11202972850810043,-0.09166068696117306
16,2024,35,SE,rural,0.38580246913580246,0.9999019200448023,-0.07282160259717542,-0.05958131121587078
16,2024,36,SE,rural,0.9516460905349794,1.1036579921367453,-0.0677532231831194,-0.05543445533164312
16,2024,37,SE,rural,0.4758230452674897,0.626896781639534,-0.001607522952812157,-0.0013152460523008554
16,2024,38,SE,rural,0.7973251028806584,0.7776724843114952,0.009073631910697459,0.0074238806542070105
16,2024,39,SE,rural,1.02880658436214,1.1118594378964806,-0.05850804822389526,-0.04787022127409612
16,2024,40,SE,rural,0.9516460905349794,1.0367644314301876,-0.03566863361607055,-0.02918342750405771
16,2024,41,SE,rural,1.9161522633744854,0.9084727324170517,-0.060676127445011885,-0.04964410427319153
16,2024,42,SE,rural,0.6944444444444444,0.6317072564583617,-0.007067981565801215,-0.005782894008382811
16,2024,43,SE,rural,0.3986625514403292,0.6016593569110612,-0.023831059345677197,-0.019498139464644973
16,2024,44,SE,rural,0.6044238683127572,0.3873927302935062,-0.07826464675254699,-0.06403471097935662
16,2024,45,SE,rural,1.3888888888888888,1.2841897121925088,-0.1349459856913516,-0.11041035192928764
16,2024,46,SE,rural,1.8132716049382716,1.894301485960629,-0.20108094484999361,-0.16452077305908563
16,2024,47,SE,rural,0.48868312757201643,1.5384078230866665,-0.17585925042373973,-0.14388484125578704
16,2024,48,SE,rural,1.2988683127572016,1.4898670310750688,-0.157167007651749,-0.12859118807870373
17,2024,34,SE,rural,1.5025116612845353,0.948677258964164,-0.04601975180968628,-0.037652524207925135
17,2024,35,SE,rural,0.8858091137423754,0.8402706287809854,0.00999147267926364,0.008174841283033887
17,2024,36,SE,rural,0.493362038033728,0.6048027487188123,0.06563894965606763,0.05370459517314624
17,2024,37,SE,rural,1.05400071761751,0.6318357436990002,0.05719484599380166,0.04679578308583772
17,2024,38,SE,rural,0.8073196986006459,0.6625330700330008,0.07178319931812048,0.058731708533007645
17,2024,39,SE,rural,0.6839791890922139,0.71950040094224,0.044356974513971074,0.036292070056885416
17,2024,40,SE,rural,0.8073196986006459,0.8599809969529817,0.03816844904678417,0.031228731038277946
17,2024,41,SE,rural,1.547362755651238,1.00716650837524,0.08201620801203698,0.0671041701916666
17,2024,42,SE,rural,0.1569788302834589,0.6047537088223819,0.1404929823921348,0.11494880377538302
17,2024,43,SE,rural,0.3027448869752422,0.5810369894331623,0.11215736838576604,0.09176511958835401
17,2024,44,SE,rural,0.246681019016864,0.5381474927424872,0.08956645735694702,0.07328164692841119
17,2024,45,SE,rural,0.7064047362755651,0.9705749349790096,0.038590105538557025,0.03157372271336483
17,2024,46,SE,rural,1.4576605669178329,1.0700318617671396,-0.07224458904127423,-0.05910920921558799
17,2024,47,SE,rural,0.61670254754216,1.0772069673456788,0.007321970921914252,0.005990703481566205
17,2024,48,SE,rural,0.03363832077502691,0.6390758598669432,0.06044392077054181,0.04945411699407966
18,2024,34,NE,rural,0.6313902806631635,1.2562559769449855,0.3162313626290811,0.25873475124197537
18,2024,35,NE,rural,0.1833068556764023,1.2719919401077115,0.33138990989221245,0.2711371990027192
18,2024,36,NE,rural,0.2240417124933806,1.1045071189933788,0.23454368595810007,0.19189937942026367
18,2024,37,NE,rural,0.6517577090716526,1.410540240674302,0.17734899541262913,0.14510372351942383
18,2024,38,NE,rural,1.7312314147215773,1.8588066861779013,-0.03258182266731641,-0.02665785490962251
18,2024,39,NE,rural,0.8146971363395658,1.5743366622753425,-0.01325667452790074,-0.010846370068282422
18,2024,40,NE,rural,1.0387388488329463,1.427472226206519,0.010723619487706917,0.00877387048994202
18,2024,41,NE,rural,2.5051936942441646,2.227679802562267,0.05369996067042,0.04393633145761636
18,2024,42,NE,rural,0.5091857102122286,0.7928001610164259,0.17879280889850824,0.14628502546241579
18,2024,43,NE,rural,0.5295531386207177,0.9768545613974223,0.09268553888079972,0.0758336227206543
18,2024,44,NE,rural,1.9960079840319362,1.2156218542476906,0.047355717360590965,0.0387455869313926
18,2024,45,NE,rural,2.525561122652654,2.2857640576329294,0.09692182333263959,0.079299673635796
18,2024,46,NE,rural,0.46845085339525033,1.0616625404662003,0.06397080943661153,0.05233975317540941
18,2024,47,NE,rural,0.7128599942971201,1.0438901158855733,0.0963866078939061,0.07886177009501408
18,2024,48,NE,rural,1.6293942726791315,0.7905972908284323,0.15206712549391016,0.12441855722229012
19,2024,34,NE,rural,1.332001332001332,1.9828531213129472,-0.1699524989008741,-0.1390520445552606
19,2024,35,NE,rural,2.3495023495023495,2.160517427824925,-0.18592724826402388,-0.15212229403420133
19,2024,36,NE,rural,0.962000962000962,1.6150064535498048,-0.07029310929713196,-0.05751254397038068
19,2024,37,NE,rural,0.9435009435009435,1.7735567975076896,-0.0926867155910962,-0.07583458548362415
19,2024,38,NE,rural,1.9980019980019978,1.6293374954525222,0.007617339746643203,0.006232368883617164
19,2024,39,NE,rural,1.8130018130018128,1.1041119113417575,0.0838510735712235,0.06860542383100103
19,2024,40,NE,rural,0.962000962000962,1.0241191880210572,0.058257877678384834,0.04766553628231486
19,2024,41,NE,rural,0.2775002775002775,1.0314455816783918,0.06615630411529998,0.05412788518524542
19,2024,42,NE,rural,0.25900025900025897,0.8320575340028165,0.048181206025547846,0.0394209867481755
19,2024,43,NE,rural,1.1285011285011284,1.5437918902732761,-0.06758743559969384,-0.055298810945204044
19,2024,44,NE,rural,2.479002479002479,1.8485201094033363,-0.1466377380618804,-0.1199763311415385
19,2024,45,NE,rural,1.48000148000148,1.4477014562091444,-0.07087400849276551,-0.05798782513044451
19,2024,46,NE,rural,0.8325008325008325,1.2408236119683422,0.009723911883394436,0.007955927904595445
19,2024,47,NE,rural,1.11000111000111,1.2307187768448538,0.07572936212861216,0.06196038719613721
19,2024,48,NE,rural,1.332001332001332,0.8670503749089784,0.0911317765567766,0.07456236263736266
20,2024,34,NE,rural,0.24575707635816924,0.8336077594536198,-0.02919370293880712,-0.023885756949933095
20,2024,35,NE,rural,0.7228149304652036,1.1605680150740407,-0.08351568380783604,-0.06833101402459311
20,2024,36,NE,rural,0.8673779165582444,1.0929781626698354,-0.05929971446344819,-0.04851794819736669
20,2024,37,NE,rural,0.5637956457628588,1.028344364677873,-0.027365466883858203,-0.022389927450429437
20,2024,38,NE,rural,1.575736548414144,1.441820957677511,-0.09511938906056278,-0.077824954685915
20,2024,39,NE,rural,0.7083586318558995,1.2798039280573132,-0.047347637502977616,-0.038738976138799855
20,2024,40,NE,rural,0.7517275276838118,0.9111851534580451,-0.07092922968525439,-0.058033006106117224
20,2024,41,NE,rural,1.994969208083962,1.5574221839390572,-0.11859274729274985,-0.09703042960315894
20,2024,42,NE,rural,0.8818342151675485,1.100345476562987,-0.07133192277631066,-0.05836248227152689
20,2024,43,NE,rural,1.373348367883887,1.2614278276077149,-0.10473774718340007,-0.08569452042278186
20,2024,44,NE,rural,1.9516003122560497,1.307251169818605,-0.0702460259983858,-0.057474021271406536
20,2024,45,NE,rural,0.9541157082140688,1.0776377004260267,0.038273631786502255,0.031314789643501845
20,2024,46,NE,rural,1.619105444242056,1.3478866996287795,0.00546275464140431,0.004469526524785343
20,2024,47,NE,rural,0.6505334374186833,0.8457070012371724,0.06099134757351027,0.049902011651053846
20,2024,48,NE,rural,2.0817069997397866,0.8471921376108035,0.026645884364067382,0.021801178116055128
21,2024,34,NE,rural,1.1524056467876693,1.0933589020578143,0.1766942834348553,0.14456805008306342
21,2024,35,NE,rural,1.97555253735029,1.7714959894807871,0.09240541247811233,0.0756044283911828
21,2024,36,NE,rural,0.20578672264065523,1.1538596878007188,0.1919547495265829,0.15705388597629508
21,2024,37,NE,rural,1.0083549409392105,1.0756624667337549,0.1572211793337273,0.1286355103639587
21,2024,38,NE,rural,0.5350454788657035,1.008569429124953,0.15244760861343118,0.12472986159280733
21,2024,39,NE,rural,1.852080503765897,1.3652990340752482,0.16115681719401972,0.13185557770419795
21,2024,40,NE,rural,0.22636539490472074,1.0591546360831954,0.11433801547415332,0.0935492853879436
21,2024,41,NE,rural,0.20578672264065523,1.012142196723309,0.11549220256663782,0.09449362028179457
21,2024,42,NE,rural,1.4405070584845865,1.3168642660541134,0.037762188625994876,0.030896336148541252
21,2024,43,NE,rural,2.881014116969173,2.0173972498552106,0.05330712201278492,0.04361491801046038
21,2024,44,NE,rural,0.946618924147014,1.181947251149338,0.05534102197531605,0.04527901797980403
21,2024,45,NE,rural,0.5350454788657035,1.0638622762716894,0.08058993308855175,0.06593721798154234
21,2024,46,NE,rural,0.8231468905626209,0.8240735445068577,0.09556796695557578,0.07819197296365289
21,2024,47,NE,rural,1.934395192822159,1.7515581474881596,0.02885599958482527,0.023609454205766125
21,2024,48,NE,rural,1.2552990081079969,1.9110816816922518,-0.06481378251430221,-0.05302945842079271
22,2024,34,NE,rural,0.2044711014176663,1.4959293074104494,-0.04611650441808936,-0.03773168543298219
22,2024,35,NE,rural,0.9087604507451836,1.5921978832427262,0.05142546612606545,0.04207538137587173
22,2024,36,NE,rural,0.02271901126862959,1.1156937640404394,0.043760752355036125,0.03580425192684773
22,2024,37,NE,rural,3.226099600145402,2.6117363311194426,-0.17114416842955443,-0.14002704689690815
22,2024,38,NE,rural,1.7039258451472192,2.2687142052956584,-0.13597968367218463,-0.11125610482269652
22,2024,39,NE,rural,1.1359505634314795,2.302392690907321,-0.05956060888645487,-0.0487314072707358
22,2024,40,NE,rural,2.4536532170119956,2.2553967625282927,-0.029546049155583645,-0.0241740402182048
22,2024,41,NE,rural,3.0216284987277353,1.7550355717152286,0.1688664323239451,0.13816344462868235
22,2024,42,NE,rural,0.18175209014903673,1.4024970719789285,0.152529170063678,0.1247965936884638
22,2024,43,NE,rural,2.340058160668848,1.3676097818643278,0.056969479791368634,0.04661139255657432
22,2024,44,NE,rural,3.0443475099963653,1.3379472429674972,0.051459461332140126,0.04210319563538737
22,2024,45,NE,rural,3.31697564521992,2.423472072397399,-0.007384995324642179,-0.006042268901979964
22,2024,46,NE,rural,1.499454743729553,2.126565930214682,-0.11033666479018989,-0.09027545301015535
22,2024,47,NE,rural,3.2033805888767724,1.8152267324196056,-0.02238702913713189,-0.018316660203107907
22,2024,48,NE,rural,0.4770992366412214,1.13436618514107,0.13079879930025456,0.107017199427481
23,2024,34,NE,urban,4.1223609184774235,2.14227440478504,0.0630980339997777,0.05162566418163629
23,2024,35,NE,urban,5.470796732932655,3.2660065849691975,-0.022406282510523377,-0.01833241296315549
23,2024,36,NE,urban,5.201109570041609,3.4986766212080926,-0.02618841678800611,-0.021426886462914088
23,2024,37,NE,urban,2.157497303128371,2.32653937631039,0.16396868231022596,0.13415619461745756
23,2024,38,NE,urban,4.8543689320388355,2.027752636858027,0.23930494538383934,0.19579495531405033
23,2024,39,NE,urban,4.39204808136847,2.238014064155811,0.3829772584140682,0.3133450296115103
23,2024,40,NE,urban,4.623208506703652,2.3266084450554514,0.3862194311999323,0.31599771643630814
23,2024,41,NE,urban,0.9631684388965942,1.7809814131610395,0.4172154407696325,0.34135808790242655
23,2024,42,NE,urban,1.9263368777931884,1.9364881340169997,0.5172737817519828,0.42322400325162224
23,2024,43,NE,urban,0.03852673755586377,1.6046639747047238,0.4297323072465143,0.3515991604744207
23,2024,44,NE,urban,2.157497303128371,2.399244738544617,0.16024514871826118,0.13110966713312278
23,2024,45,NE,urban,1.502542764678687,2.9899350839530348,-0.15109812815158838,-0.12362574121493594
23,2024,46,NE,urban,4.969949144706426,3.5086179981247403,-0.18893051366206287,-0.1545795111780514
23,2024,47,NE,urban,2.35013099090769,3.3693227941194603,-0.1724495329114657,-0.14109507238210828
23,2024,48,NE,urban,3.390352904916012,3.569230864904263,-0.07675810467714601,-0.06280208564493762
24,2024,34,NE,rural,1.7302097687949778,1.5581597082036465,-0.11820424998594763,-0.09671256817032077
24,2024,35,NE,rural,2.2508038585209,2.037485428546957,-0.13523108485910534,-0.11064361488472255
24,2024,36,NE,rural,0.8115143163374674,1.613303658259951,-0.15794108007847027,-0.1292245200642029
24,2024,37,NE,rural,1.8220793140407288,2.0243885704426092,-0.11749250465949214,-0.096130231085039
24,2024,38,NE,rural,1.1024345429490123,1.0704072229813788,0.023153532417047075,0.01894379925031124
24,2024,39,NE,rural,1.5617822691777674,1.6191669130406234,0.03670260640018601,0.030029405236515816
24,2024,40,NE,rural,0.9646302250803859,1.4324445611375531,0.029586064410673473,0.0242067799723692
24,2024,41,NE,rural,0.9799418159546777,1.0551226869354597,0.0919846549868317,0.0752601722619532
24,2024,42,NE,rural,0.24498545398866942,0.8467052676837714,0.09808282414060872,0.08024958338777076
24,2024,43,NE,rural,1.2555504516919307,1.1995152277950358,0.08321136227941114,0.06808202368315455
24,2024,44,NE,rural,0.10718113612004287,0.8339449453966563,0.06503730157550375,0.05321233765268486
24,2024,45,NE,rural,0.26029704486296124,1.0139907148333676,-0.0011238173816258859,-0.0009194869486029975
24,2024,46,NE,rural,2.2048690858980247,1.407951170317629,-0.09583099272797041,-0.07840717586833942
24,2024,47,NE,rural,0.7196447710917164,1.6455865429059695,-0.006418423133899834,-0.005251437109554409
24,2024,48,NE,rural,0.12249272699433471,1.0362498634628814,-0.0353781310289389,-0.02894574356913182
25,2024,34,NE,rural,1.3060627432541858,1.1654911216642372,-0.06270403352547486,-0.05130330015720669
25,2024,35,NE,rural,1.5019721547423137,1.2795663447758405,-0.08885998198223052,-0.07270362162182495
25,2024,36,NE,rural,1.3060627432541858,1.4308546936200852,-0.0961576531387236,-0.07867444347713748
25,2024,37,NE,rural,1.8154272131233185,1.4185404498743164,-0.07740331327712176,-0.06332998359037233
25,2024,38,NE,rural,0.6399707441945511,0.9055823047748481,0.07537910795581297,0.06167381560021061
25,2024,39,NE,rural,0.43100070527388135,0.7359815878201246,0.06776689535531487,0.055445641654348524
25,2024,40,NE,rural,1.3452446255518116,0.8705237991185177,0.01719449359735936,0.01406822203420311
25,2024,41,NE,rural,1.384426507849437,1.2671389568403801,0.027843431408715823,0.02278098933440385
25,2024,42,NE,rural,0.41794007784133946,0.9918398212448658,0.013791575729487797,0.011284016505944558
25,2024,43,NE,rural,0.5354857247342162,0.9422119226307342,0.021447541246104287,0.017547988292267138
25,2024,44,NE,rural,0.9926076848731813,0.7135388161480801,0.06140078258994172,0.050237003937225036
25,2024,45,NE,rural,1.2276989786589347,1.1533570258442647,0.04906448610560251,0.04014367045003841
25,2024,46,NE,rural,0.6922132539247186,0.7064588363598506,0.034730462614267446,0.028415833048036993
25,2024,47,NE,rural,0.49630384243659065,0.7234020036261128,0.06445278269205654,0.05273409492986443
25,2024,48,NE,rural,0.6007888618969255,0.6714337660728277,0.08292821931405585,0.06785036125695477
26,2024,34,NE,urban,1.096355136320384,0.8693174132044437,0.004416457699163926,0.00361346539022503
26,2024,35,NE,urban,0.6619502709858922,0.8477260437071132,0.011669612408119388,0.009547864697552224
26,2024,36,NE,urban,0.3620040544454098,0.622627151164393,0.06134163581562606,0.05018861112187585
26,2024,37,NE,urban,0.6205783790492739,0.5906183241953056,0.07081927235233366,0.05794304101554572
26,2024,38,NE,urban,0.24823135161970958,0.5535357368983653,0.04341482828735696,0.03552122314420114
26,2024,39,NE,urban,1.0756691903520748,0.8923196922675442,-0.021063258382232847,-0.01723357504000869
26,2024,40,NE,urban,0.7446940548591288,0.8625523257528791,-0.03644702139508119,-0.029820290232339154
26,2024,41,NE,urban,1.096355136320384,0.8984538765040406,-0.03928431436525069,-0.032141711753386926
26,2024,42,NE,urban,0.08274378387323653,0.560156649663494,-0.026848990659094643,-0.021967355993804706
26,2024,43,NE,urban,1.4893881097182575,0.7997834379538791,-0.025443218494613354,-0.02081717876832001
26,2024,44,NE,urban,0.44474783831864634,0.5353243699481685,0.005791956906479805,0.0047388738325743855
26,2024,45,NE,urban,1.1584129742253113,0.8995297822717757,-0.007603587435504933,-0.006221116992685852
26,2024,46,NE,urban,0.8688097306689835,0.7446408769506941,-0.0154707913785528,-0.012657920218815925
26,2024,47,NE,urban,1.4583591907657938,0.953320598209324,0.034923285263332104,0.02857359703363535
26,2024,48,NE,urban,0.8067518927640561,0.7051476120140265,0.009373591907657932,0.007669302469901943
27,2024,34,NE,rural,1.5291559059399211,0.9165832487713528,0.03171328381961411,0.025947232216047895
27,2024,35,NE,rural,1.6537537945720628,1.030660473009519,-0.010450051015681085,-0.008550041740102704
27,2024,36,NE,rural,0.8948393819944723,0.7576447497376687,0.041628795450840986,0.03405992355068807
27,2024,37,NE,rural,0.9288206243486928,0.8379507113815952,0.008692707605396765,0.007112215313506441
27,2024,38,NE,rural,0.35113950432694485,0.7041163018159056,0.04508409978328911,0.036886990731782
27,2024,39,NE,rural,1.2799601286756377,0.9492627741571542,-0.029125832460526045,-0.023830226558612215
27,2024,40,NE,rural,1.6877350369262833,1.1453157992934047,-0.07201603312079596,-0.05892220891701486
27,2024,41,NE,rural,1.44986634044674,1.2025025599707797,-0.05035864832855543,-0.04120253045063626
27,2024,42,NE,rural,0.8948393819944723,0.9963352998534385,-0.029738409550439444,-0.024331425995814088
27,2024,43,NE,rural,0.6003352815912283,0.7007838998948401,0.058560110395518734,0.0479128175963335
27,2024,44,NE,rural,0.3058311811879842,0.6976876521705695,0.04833462062418413,0.039546507783423376
27,2024,45,NE,rural,1.46119342123148,1.1711995422345145,-0.03141316950130193,-0.02570168413742884
27,2024,46,NE,rural,0.7022790086538897,1.160893215272818,-0.023760669096455803,-0.019440547442554742
27,2024,47,NE,rural,0.9741289474876534,1.1974298368764853,-0.013877383255742864,-0.011354222663789614
27,2024,48,NE,rural,0.07928956549318109,0.9188691251834121,0.06293775956005618,0.05149453054913686
28,2024,34,NE,rural,1.0811256911776843,0.964001778652729,-0.10011698471154871,-0.0819138965821762
28,2024,35,NE,rural,0.8500453907732937,0.855788500819437,-0.08144314706369367,-0.06663530214302209
28,2024,36,NE,rural,1.1306428984071966,0.8718830595171074,-0.06610152372948011,-0.05408306486957462
28,2024,37,NE,rural,1.056367087562928,0.8368067987782819,-0.03757291706227933,-0.030741477596410355
28,2024,38,NE,rural,0.6189650903689032,0.49160503905327024,0.046132079294076145,0.037744428513335024
28,2024,39,NE,rural,0.833539655030123,0.562181624070188,0.030029197432080768,0.024569343353520623
28,2024,40,NE,rural,0.5859536188825617,0.6130589847425352,0.03883786572757673,0.03177643559529004
28,2024,41,NE,rural,0.9738384088470744,0.7154896089042013,0.015843623968367252,0.01296296506502775
28,2024,42,NE,rural,1.1058842947924403,0.8003460608540334,0.009608349580085239,0.007861376929160648
28,2024,43,NE,rural,0.9573326731039036,0.6805587558950505,0.044253998301810094,0.036207816792390074
28,2024,44,NE,rural,0.42914912932243954,0.5364917167967824,0.07449031392988806,0.060946620488090214
28,2024,45,NE,rural,0.18981596104646364,0.5618528964388606,0.09085523888565394,0.07433610454280776
28,2024,46,NE,rural,0.7427581084426839,0.5731680903600761,0.062465595226429825,0.05110821427616984
28,2024,47,NE,rural,0.9160683337459767,0.6878070253118342,0.033378260137410264,0.027309485566972026
28,2024,48,NE,rural,0.4374019971940249,0.6079501761087459,0.0148753802508872,0.012170765659816798
29,2024,34,NE,rural,1.7599436818021823,1.0360973418646846,0.1514318102292584,0.12389875382393867
29,2024,35,NE,rural,0.10056821038869614,1.2087698875871973,0.053314535912635574,0.04362098392852001
29,2024,36,NE,rural,3.167898627243928,2.791861984047115,-0.23896147752959407,-0.19551393616057694
29,2024,37,NE,rural,3.4444612058128423,3.023141985016105,-0.24585768756015225,-0.20115628982194272
29,2024,38,NE,rural,2.287926786342837,2.259817929603544,-0.15218516879126093,-0.12451513810194076
29,2024,39,NE,rural,3.3438929954241465,2.602546540565058,-0.12308199464305253,-0.10070345016249752
29,2024,40,NE,rural,2.0867903655654447,1.49725815706263,0.11413692193746951,0.09338475431247505
29,2024,41,NE,rural,1.7599436818021823,1.4008083270752139,0.07774821703279004,0.06361217757228275
29,2024,42,NE,rural,3.042188364258058,2.391236209452746,-0.027084794295662185,-0.02216028624190542
29,2024,43,NE,rural,3.167898627243928,2.4235402718398364,0.0007136531141650063,0.0005838980024986415
29,2024,44,NE,rural,3.2433247850354503,2.5504909659170565,-0.03523932803809647,-0.028832177485715288
29,2024,45,NE,rural,0.20113642077739227,1.4692709485239255,0.08142187977335537,0.0666179016327453
29,2024,46,NE,rural,3.092472469452406,1.21906887722699,0.0694075015907062,0.05678795584694142
29,2024,47,NE,rural,3.4444612058128423,1.638263858858395,0.03734494970018103,0.03055495884560265
29,2024,48,NE,rural,2.815909890883492,2.512277555070087,-0.0027909582264796407,-0.002283511276210615
30,2024,34,NE,rural,1.2148874809819017,0.9971558181775764,-0.009485613199503423,-0.007760956254139162
30,2024,35,NE,rural,0.6358289620092196,0.6213807768978526,0.07601120129000441,0.06219098287363997
30,2024,36,NE,rural,0.6131207847946045,0.7129582470339364,0.07917963133135825,0.06478333472565673
30,2024,37,NE,rural,0.8174943797261394,0.7655975965672858,0.03932903308051632,0.03217829979314971
30,2024,38,NE,rural,1.294366101233054,1.0803700351429337,0.0012996370103367514,0.0010633393720937054
30,2024,39,NE,rural,1.5328019619865114,0.989741628872765,-0.014171706814914883,-0.01159503284856672
30,2024,40,NE,rural,0.5563503417580671,0.6806614702625305,0.04379226811550082,0.035830037549046116
30,2024,41,NE,rural,0.45416354429229966,0.633102826760591,0.06396045714530267,0.052331283118884006
30,2024,42,NE,rural,0.8174943797261394,0.6537971033265265,0.06381250481093119,0.05221023120894369
30,2024,43,NE,rural,0.5109339873288371,0.7020501481059149,0.0429271319328304,0.03512219885413396
30,2024,44,NE,rural,1.4873856075572813,1.067151451568895,-0.03402284937185389,-0.027836876758789535
30,2024,45,NE,rural,1.1467629493380567,1.0101312150097697,-0.004385190562360739,-0.003587883187386059
30,2024,46,NE,rural,1.6917592024888162,1.2283080106273887,0.042184037046756155,0.03451421212916412
30,2024,47,NE,rural,0.2838522151826873,0.6605500343666167,0.10414142882576018,0.08520662358471286
30,2024,48,NE,rural,0.9991597974430593,0.6525950275575496,0.10674202965687946,0.08733438790108317
31,2024,34,NE,rural,0.4122861265718409,0.8509263320089658,0.007586061314400717,0.006206777439055131
31,2024,35,NE,rural,1.417233560090703,0.9765038689789038,-0.013586665879093244,-0.01111636299198538
31,2024,36,NE,rural,0.16749123891981035,0.7449358317108885,0.016676167955962672,0.01364413741851491
31,2024,37,NE,rural,1.6104926819212533,0.9778948323775962,0.0010791326319614192,0.0008829266988775247
31,2024,38,NE,rural,1.5976087404658834,0.9077573825579173,0.02444565740147553,0.020000992419389067
31,2024,39,NE,rural,0.18037518037518038,0.6961997228505875,0.08354527757747776,0.06835522710884542
31,2024,40,NE,rural,0.27056277056277056,0.6934730746414592,-0.02625071013944691,-0.021477853750456556
31,2024,41,NE,rural,0.979179550608122,0.483747014773026,-0.031589850377916104,-0.025846241218294985
31,2024,42,NE,rural,1.6877963306534736,1.4522680169456184,-0.10119530059042689,-0.08279615502853108
31,2024,43,NE,rural,1.5460729746444033,1.444667048249928,-0.1549105641341426,-0.12674500701884392
31,2024,44,NE,rural,0.06441970727685013,1.0453002708757855,-0.08860435894428631,-0.07249447549987059
31,2024,45,NE,rural,1.481653267367553,1.1438615817294144,-0.06430083241128616,-0.05260977197287048
31,2024,46,NE,rural,1.1466707895279324,1.0519217022669052,-0.005290154436153613,-0.004328308175034774
31,2024,47,NE,rural,0.940527726242012,1.2585138765589585,-0.010788513938492051,-0.008826965949675313
31,2024,48,NE,rural,0.7086167800453514,1.119234767811185,-0.019206169926303845,-0.015714139030612233
32,2024,34,NE,urban,0.34532897128316975,0.9887470621509884,-0.08753166330827883,-0.0716168154340463
32,2024,35,NE,urban,1.6539440203562341,1.773396984780734,-0.11550445525530902,-0.09450364520888917
32,2024,36,NE,urban,1.6902944383860414,1.7449410509450232,-0.17007293268184695,-0.13915058128514748
32,2024,37,NE,urban,1.5812431842966193,1.7603032401578402,-0.14064309164401922,-0.11507162043601571
32,2024,38,NE,urban,2.52635405307161,1.6881792451126407,-0.1148267744707837,-0.09394917911245938
32,2024,39,NE,urban,2.380952380952381,1.5755595862422307,0.006296132668949895,0.005151381274595367
32,2024,40,NE,urban,2.4536532170119956,1.8018439412917087,0.05187523078947901,0.04244337064593736
32,2024,41,NE,urban,2.0537986186841146,1.0581649372460924,0.12245764239715552,0.1001926165067636
32,2024,42,NE,urban,0.7088331515812432,1.106803406509402,0.21039224684282126,0.1721391110532174
32,2024,43,NE,urban,1.43584151217739,1.1862291398824996,0.1719261309060743,0.14066683437769714
32,2024,44,NE,urban,0.8724100327153762,1.079163181967839,0.15543250387085084,0.1271720486216052
32,2024,45,NE,urban,2.2900763358778624,2.0927509671896547,0.07010375175757459,0.05735761507437921
32,2024,46,NE,urban,1.1632133769538349,1.1842521472563965,0.08533603264430206,0.06982039034533805
32,2024,47,NE,urban,0.7451835696110505,1.0669839320567043,0.12413653725099966,0.10156625775081787
32,2024,48,NE,urban,0.7270083605961468,1.2253645664631883,0.10533094683751364,0.08617986559432932
33,2024,34,NE,rural,0.7293339980428,0.7317766623376174,-0.014770108630923694,-0.01208463433439211
33,2024,35,NE,rural,1.209401946121605,0.8650092238188511,0.004277828226598608,0.003500041276307952
33,2024,36,NE,rural,0.6647094665706531,0.5808785417989971,0.045216611713720926,0.03699540958395348
33,2024,37,NE,rural,0.6739415424952455,0.5411974937255786,0.08462753733447258,0.06924071236456845
33,2024,38,NE,rural,1.2001698701970125,0.6318876535465917,0.06863226443281735,0.05615367089957782
33,2024,39,NE,rural,0.433907568455843,0.5734409322559577,0.11070701613196769,0.09057846774433718
33,2024,40,NE,rural,0.20310567034103288,0.5527695775601917,0.07220456799614544,0.05907646472411898
33,2024,41,NE,rural,0.4431396443804354,0.556564290763115,0.06212720832201373,0.050831352263465766
33,2024,42,NE,rural,0.16617736664266328,0.48778025060207725,0.05984991760203494,0.048968114401664944
33,2024,43,NE,rural,0.572388707324729,0.8365807975435908,-0.03386871540055811,-0.027710767145911176
33,2024,44,NE,rural,0.6462453147214683,0.8564006837155492,-0.043783950600066915,-0.03582323230914565
33,2024,45,NE,rural,0.6647094665706531,0.7490733439159912,-0.02641226421476174,-0.02161003435753233
33,2024,46,NE,rural,0.37851511290828854,0.6337833579130042,-0.020256305505375376,-0.016573340868034393
33,2024,47,NE,rural,0.7754943776657619,0.6442216098302411,-0.0011292362361288075,-0.0009239205568326607
33,2024,48,NE,rural,0.6370132387968759,0.47366531041952614,0.0037800648784135625,0.0030927803550656412
34,2024,34,NE,rural,1.129436776454565,0.6519269892782861,0.0745457421625179,0.0609919708602419
34,2024,35,NE,rural,0.024914046539438937,0.5216936891023444,0.10829555484733984,0.08860545396600532
34,2024,36,NE,rural,1.121132094274752,0.6389727302939661,0.0971284959521003,0.07946876941535477
34,2024,37,NE,rural,0.7142026674639161,0.5701014989948298,0.08453683816408515,0.0691665039524333
34,2024,38,NE,rural,0.5148902951484047,0.5920604052957995,0.08546184488984195,0.06992332763714339
34,2024,39,NE,rural,0.8969056754198017,0.6192730844287666,0.013027446942895201,0.010658820226005162
34,2024,40,NE,rural,1.121132094274752,0.6441003505592655,0.04133130174547307,0.03381651960993251
34,2024,41,NE,rural,0.6145464813061604,0.5717035619849561,0.027019755933567785,0.022107073036555458
34,2024,42,NE,rural,0.6809839387446642,0.6009615081754645,0.022422000944382355,0.018345273499949195
34,2024,43,NE,rural,0.21592173667513745,0.5010735990574335,0.044427943143460075,0.036350135299194605
34,2024,44,NE,rural,0.9384290863188666,0.7068617055287897,0.021281988733995737,0.017412536236905602
34,2024,45,NE,rural,0.6062417991263475,0.5473382873694095,0.010844820762275501,0.0088730351691345
34,2024,46,NE,rural,0.25744514757420234,0.5599918796950412,0.015043318609596916,0.012308169771488383
34,2024,47,NE,rural,0.8304682179812979,0.6787894574387526,-0.018547687956549878,-0.015175381055358986
34,2024,48,NE,rural,0.5896324347667214,0.5512621214075197,0.020010437324563615,0.016372175992824773
35,2024,34,NE,urban,0.3667578605130645,0.5579559222256769,0.03439718756104432,0.028143153459036258
35,2024,35,NE,urban,1.4868561912691804,0.8095232113054289,0.03165810291958787,0.025902084206935523
35,2024,36,NE,urban,0.9615003370207367,0.6078439839823523,0.057138568339066755,0.046749737731963704
35,2024,37,NE,urban,0.47579398120613775,0.562055893532337,0.03682597973506102,0.030130347055959017
35,2024,38,NE,urban,1.2588715752745727,0.8198094463207427,0.034381269513614074,0.028130129602047874
35,2024,39,NE,urban,0.6244796003330558,0.5480243204101252,0.09965723424652796,0.08153773711079558
35,2024,40,NE,urban,0.03964949843384481,0.5220601546092769,0.049935296990929544,0.0408561520834878
35,2024,41,NE,urban,0.8524642163276634,0.6501303377572436,-0.0032523392337399,-0.0026610048276053725
35,2024,42,NE,urban,1.0606240831053486,0.6208033578747987,0.0004042029494541202,0.0003307115040988256
35,2024,43,NE,urban,0.08921137147615082,0.8113486166236757,-0.04832738923061112,-0.03954059118868181
35,2024,44,NE,urban,0.7632528448515127,1.0769297196918701,-0.10392562888329444,-0.08503005999542272
35,2024,45,NE,urban,0.8128147178938187,0.7990206841480514,-0.07423649694184961,-0.06073895204333149
35,2024,46,NE,urban,1.3877324451845685,1.0972688839689042,-0.09130554405549944,-0.07470453604540862
35,2024,47,NE,urban,0.009912374608461203,0.6231693945980804,-0.10208173263847593,-0.08352141761329847
35,2024,48,NE,urban,1.3976448197930296,1.2506825810390456,-0.1385519772213632,-0.11336070863566078
36,2024,34,NE,rural,1.5746031746031746,1.103575537889935,-0.0015653049378430925,-0.0012807040400534392
36,2024,35,NE,rural,1.180952380952381,1.119248264313057,-0.035144779392779255,-0.028754819503183024
36,2024,36,NE,rural,0.6603174603174603,0.7744664957057106,0.006965904556128514,0.005699376455014238
36,2024,37,NE,rural,0.43174603174603177,0.575201358440624,0.019638805049829677,0.016068113222587915
36,2024,38,NE,rural,1.2571428571428571,1.0134280852785984,-0.003329730457343718,-0.0027243249196448596
36,2024,39,NE,rural,0.26666666666666666,0.9846610314684188,-0.0384170781783449,-0.03143215487319127
36,2024,40,NE,rural,1.0285714285714285,1.208368501838069,-0.08803104951358938,-0.0720254041474822
36,2024,41,NE,rural,1.9047619047619047,1.1046050425088638,-0.05767521989777153,-0.047188816279994876
36,2024,42,NE,rural,0.10158730158730159,0.785644218924312,0.08170691985922232,0.0668511162484546
36,2024,43,NE,rural,0.8634920634920635,0.7399661662625501,0.03555273589903395,0.029088602099209597
36,2024,44,NE,rural,0.5333333333333333,0.669405812066705,0.07438832688380809,0.060863176541297526
36,2024,45,NE,rural,0.9142857142857143,1.2403661837582323,0.05262155898412494,0.04305400280519312
36,2024,46,NE,rural,1.726984126984127,1.4485752202682416,-0.05774621044398731,-0.04724689945417143
36,2024,47,NE,rural,1.4603174603174602,1.6715656279735749,0.02972399053206351,0.024319628617142867
36,2024,48,NE,rural,0.39365079365079364,0.6482278031300733,0.0907224238730159,0.07422743771428572
37,2024,34,NE,rural,0.16196954972465175,1.3081279145964761,0.032608188997028435,0.02667942736120508
37,2024,35,NE,rural,3.3088065158036,1.7561644068570685,0.039595789733128314,0.03239655523619589
37,2024,36,NE,rural,0.1156925355176084,0.9916262098653352,0.15666179689911608,0.12817783382654951
37,2024,37,NE,rural,2.4295432458697763,2.5545880577477043,-0.019500612828860245,-0.015955046859976563
37,2024,38,NE,rural,3.470776065528252,2.5143795523756673,-0.08868963902043234,-0.07256425010762643
37,2024,39,NE,rural,0.34707760655282516,1.2401429780750624,0.12788396826117662,0.1046323376682354
37,2024,40,NE,rural,1.7816650469711692,2.2973630864799914,-0.031074915902876844,-0.02542493119326287
37,2024,41,NE,rural,3.3550835300106434,1.9036357290233972,0.11532517520911746,0.09435696153473246
37,2024,42,NE,rural,0.9486787912443888,1.5388091731704614,0.19246843084663598,0.15747417069270211
37,2024,43,NE,rural,2.75348234531908,2.4271729304869605,0.04486063660840167,0.036704157225055906
37,2024,44,NE,rural,3.0311444305613398,1.6096200958748088,0.2232849505721886,0.18268768683179065
37,2024,45,NE,rural,0.5784626775880419,1.1665298787274556,0.3379464764154511,0.27650166252173264
37,2024,46,NE,rural,1.5734184830394742,1.674617903795807,0.17145776640714525,0.14028362706039152
37,2024,47,NE,rural,0.4396316349669119,1.531044680637479,0.21366874574482855,0.17481988288213243
37,2024,48,NE,rural,0.717293720209172,1.4484258057055857,0.12388495349160068,0.10136041649312781
38,2024,34,NE,semi-urban,2.0477307420231576,1.6633381930984852,-0.030200938310912025,-0.024709858618018925
38,2024,35,NE,semi-urban,1.6381845936185262,1.7309703232794078,-0.045042919793855635,-0.03685329801315461
38,2024,36,NE,semi-urban,0.1303101381287464,1.0936463225190558,0.007521462390380623,0.006153923773947781
38,2024,37,NE,semi-urban,0.24200454223910048,0.6471601003765051,-0.050446421708253544,-0.04127434503402562
38,2024,38,NE,semi-urban,2.6248184965933206,1.867598457650679,-0.1595488035944005,-0.13053993021360039
38,2024,39,NE,semi-urban,0.8935552328828326,1.9339652735354826,-0.1631887275925648,-0.1335180498484621
38,2024,40,NE,semi-urban,2.420045422391005,2.0117453026785577,-0.18164353474525308,-0.14861743751884338
38,2024,41,NE,semi-urban,1.7684947317472728,1.6150974331498318,-0.0619806114768294,-0.05071140939013313
38,2024,42,NE,semi-urban,1.4892587214713875,1.395756731177808,0.08392855250763857,0.06866881568806792
38,2024,43,NE,semi-urban,1.3775643173610335,1.122577902086562,0.036415074525132256,0.029794151884199115
38,2024,44,NE,semi-urban,1.247254179232287,1.1767849871374236,0.04796325702342109,0.03924266483734452
38,2024,45,NE,semi-urban,1.8801891358576268,1.5685405760363231,-0.032010497828322604,-0.02619040731408212
38,2024,46,NE,semi-urban,0.8749394988644401,1.4731620103582992,-0.06247771079194121,-0.05111812701158826
38,2024,47,NE,semi-urban,2.7923601027588516,1.6771886716829487,-0.13240512588610887,-0.10833146663408905
38,2024,48,NE,semi-urban,2.1035779440783346,1.690947615989697,-0.0783935718939647,-0.06414019518597111
39,2024,34,SS,semi-urban,0.5623290647445237,0.8125343720517284,0.0027745410732112072,0.0022700790599000783
39,2024,35,SS,semi-urban,0.07668123610152597,0.7010499132225035,0.0363025124998654,0.02970205568170805
39,2024,36,SS,semi-urban,0.6006696827952867,0.48836913773961127,-0.04138627264616446,-0.03386149580140728
39,2024,37,SS,semi-urban,1.4313830738951512,1.1275587097520836,-0.09547061132488849,-0.07811231835672694
39,2024,38,SS,semi-urban,0.2172635022876569,1.2386626300323922,-0.12718145599010525,-0.10405755490099516
39,2024,39,SS,semi-urban,0.6645707128798917,1.5853593631479024,-0.18087798425037369,-0.147991078023033
39,2024,40,SS,semi-urban,1.6742069882166501,1.6719316485772773,-0.16481231174024438,-0.13484643687838174
39,2024,41,SS,semi-urban,1.6230861641489662,1.2213256937415515,-0.10988673596922603,-0.08990732942936673
39,2024,42,SS,semi-urban,1.0479768933875215,1.1509639061594021,-0.09540242264267354,-0.07805652761673287
39,2024,43,SS,semi-urban,1.4186028678782303,1.0458725140401741,-0.019724344553217598,-0.016138100088996212
39,2024,44,SS,semi-urban,0.7540321549983386,0.8354173192329453,0.06949383544519638,0.056858592636978844
39,2024,45,SS,semi-urban,0.4089665925414718,0.787078375057727,0.036510200557454686,0.029871982274281103
39,2024,46,SS,semi-urban,1.4952841039797562,1.1983136692356755,-0.03935871464432689,-0.03220258470899472
39,2024,47,SS,semi-urban,1.776448636352018,1.2176235866828982,-0.0003297545433632549,-0.0002697991718426631
39,2024,48,SS,semi-urban,0.7540321549983386,0.8335239926614193,0.042093788819875765,0.03444037267080744
40,2024,34,SS,semi-urban,0.14076576576576577,0.7194303926367241,0.20620495060572777,0.16871314140468632
40,2024,35,SS,semi-urban,0.5982545045045045,0.6404302729569908,0.16134686883277777,0.1320110744995454
40,2024,36,SS,semi-urban,0.7742117117117117,0.7657967711385967,0.09327923552384988,0.07631937451951352
40,2024,37,SS,semi-urban,1.6774587087087087,1.4965067462029022,-0.011981117837655004,-0.009802732776263184
40,2024,38,SS,semi-urban,1.5718843843843844,1.4368131828940889,-0.10681760299403364,-0.08739622063148206
40,2024,39,SS,semi-urban,0.6920983483483483,1.1495055130519856,-0.04663967030949735,-0.038159730253225096
40,2024,40,SS,semi-urban,0.3401839339339339,0.7770244746945341,-0.017083135692486453,-0.013977111021125279
40,2024,41,SS,semi-urban,0.7390202702702703,0.7730600334292511,-0.000604641317830816,-0.0004947065327706675
40,2024,42,SS,semi-urban,1.6539977477477477,1.2587044919423254,-0.050293595481732435,-0.04114930539414471
40,2024,43,SS,semi-urban,0.5161411411411411,1.140743593872006,-0.04454167230455193,-0.03644318643099703
40,2024,44,SS,semi-urban,1.1613175675675675,1.1620666115787475,-0.06360906178968444,-0.05204377782792363
40,2024,45,SS,semi-urban,1.1613175675675675,1.0228662881163562,-0.020388563894176426,-0.016681552277053438
40,2024,46,SS,semi-urban,1.395927177177177,1.1491916554616848,0.020848574545150603,0.017057924627850492
40,2024,47,SS,semi-urban,0.293262012012012,0.6410901103106517,-0.0029180274903810024,-0.002387477037584456
40,2024,48,SS,semi-urban,1.46631006006006,1.0549072203039442,-0.013652734492304811,-0.011170419130067572
41,2024,34,SS,urban,1.2293524665280853,1.2752904096027968,-0.12538575583476685,-0.10258834568299105
41,2024,35,SS,urban,1.6763897270837524,1.1007830500643638,-0.10093415769244654,-0.08258249265745624
41,2024,36,SS,urban,0.1341111781667002,0.7393285152322516,-0.07743038061990996,-0.06335212959810814
41,2024,37,SS,urban,0.16763897270837524,0.7198434280297024,-0.04676447754315289,-0.038261845262579634
41,2024,38,SS,urban,1.4975748228614856,1.161919732039383,-0.10299102614821738,-0.08426538503035967
41,2024,39,SS,urban,1.0728894253336017,1.0724147411169274,-0.0552122059716111,-0.0451736230676818
41,2024,40,SS,urban,0.7711392744585261,1.0644360807808426,-0.05413514557586687,-0.04429239183480015
41,2024,41,SS,urban,0.03352779454167505,0.7825657755579907,0.006353315849683157,0.005198167513377127
41,2024,42,SS,urban,1.3858155077225687,0.6700871385264865,0.03411478476610314,0.027912096626811662
41,2024,43,SS,urban,0.916426384139118,0.8767603703869447,-0.004623431877492043,-0.0037828078997662173
41,2024,44,SS,urban,1.19582467198641,1.0889154070635718,-0.03992868240843968,-0.03266892197054155
41,2024,45,SS,urban,0.1341111781667002,0.580024659484472,-0.04227747091815888,-0.03459065802394817
41,2024,46,SS,urban,1.665213795569861,1.1273233012332275,-0.020794703301937355,-0.017013848156130558
41,2024,47,SS,urban,1.5981582064865107,0.998192570694444,-0.010925744397226121,-0.008939245415912279
41,2024,48,SS,urban,0.9611301101946848,0.8841065344128058,0.03164623429781624,0.025892373516395104
42,2024,34,SS,rural,2.1751910640799528,1.6008481504083387,0.023039056656333986,0.018850137264273256
42,2024,35,SS,rural,3.1746031746031744,2.05284621701042,0.057735996534369435,0.04723854261902953
42,2024,36,SS,rural,3.6155202821869485,2.6402498576763724,-0.014405652306007216,-0.011786442795824083
42,2024,37,SS,rural,2.4397413286302174,2.0321327718570363,0.07530042705269853,0.06160944031584424
42,2024,38,SS,rural,1.9106407995296883,1.347947178569894,0.18318307356852334,0.14987706019242816
42,2024,39,SS,rural,1.1169900058788946,1.4006216956323276,0.26029403455772665,0.21296784645632172
42,2024,40,SS,rural,0.08818342151675485,1.3075427420146193,0.21445629410039527,0.1754642406275961
42,2024,41,SS,rural,2.9688418577307463,2.189191103565961,0.020589977476822938,0.016846345208309674
42,2024,42,SS,rural,1.1757789535567311,1.62097433367241,-0.004026613085162353,-0.0032945016151328336
42,2024,43,SS,rural,0.5878894767783656,2.352145986112267,-0.07588831972485166,-0.06209044341124226
42,2024,44,SS,rural,4.027042915931805,2.9494620374533564,-0.14411371712460078,-0.11791122310194604
42,2024,45,SS,rural,4.262198706643151,1.9936612033754821,-0.017341799920716616,-0.014188745389677227
42,2024,46,SS,rural,1.557907113462669,1.458181286220957,0.0029304369764256667,0.0023976302534391815
42,2024,47,SS,rural,0.4115226337448559,1.250332567840783,-0.011676982357436787,-0.009553894656084642
42,2024,48,SS,rural,4.320987654320987,2.08020054452696,-0.06953777718988832,-0.056894544973544986
43,2024,34,SS,urban,1.6457211250748056,2.407869401125953,-0.08076581253530182,-0.06608111934706512
43,2024,35,SS,urban,2.39377618192699,2.091614794471853,-0.03146798238766688,-0.025746531044454714
43,2024,36,SS,urban,0.4488330341113106,1.624330175679679,0.011688271448039706,0.009563131184759759
43,2024,37,SS,urban,1.620785956513066,2.3164531560003327,-0.03434103702286431,-0.028097212109616257
43,2024,38,SS,urban,1.4961101137043686,2.2051109734888663,-0.05111684212225566,-0.041822870827300074
43,2024,39,SS,urban,2.39377618192699,1.998816011230707,-0.03656463211848259,-0.029916517187849385
43,2024,40,SS,urban,1.2716935966487133,1.8801278834558353,-0.010322558452358082,-0.008445729642838429
43,2024,41,SS,urban,2.3688410133652504,2.2025098306723887,0.0361905383620931,0.029610440478076164
43,2024,42,SS,urban,0.6732495511669659,1.116599034240038,0.07319749868000379,0.05988886255636673
43,2024,43,SS,urban,0.02493516856173948,1.3008639138604388,0.050550321304567256,0.041359353794645934
43,2024,44,SS,urban,0.8976660682226212,1.4775328696978236,-0.12506712209131746,-0.10232764534744154
43,2024,45,SS,urban,1.7454617993217634,2.247241865643307,-0.204194330405807,-0.16706808851384206
43,2024,46,SS,urban,3.141831238779174,3.258255594289967,-0.3699905809892281,-0.30271956626391383
43,2024,47,SS,urban,1.720526630760024,3.2170758079861255,-0.36315664215040905,-0.2971281617594255
43,2024,48,SS,urban,3.4161180929583086,2.907738374405942,-0.36737114502294044,-0.30057639138240577
44,2024,34,SS,rural,0.4585841215247922,0.8546574937368899,-0.029355411520991154,-0.024018063971720034
44,2024,35,SS,rural,1.3375370211139772,1.0397584394197819,-0.03111006047581072,-0.02545368584384513
44,2024,36,SS,rural,0.3343842552784943,0.6501686828758413,-0.024672258728995197,-0.02018639350554152
44,2024,37,SS,rural,0.9076144071844846,0.671917657524543,0.016029017835711028,0.013114650956490836
44,2024,38,SS,rural,0.9076144071844846,0.6972576561832693,-0.01934281748346599,-0.01582594157738126
44,2024,39,SS,rural,0.5541224801757906,0.7151981336196316,-0.015934855383924137,-0.013037608950483382
44,2024,40,SS,rural,1.3757523645743766,1.1042379371862665,-0.08689650394733123,-0.07109713959327099
44,2024,41,SS,rural,1.1273526320817808,0.9583264923176986,-0.039317217415772654,-0.03216863243108671
44,2024,42,SS,rural,1.0222604375656825,0.9260629822962966,-0.025208724348420416,-0.02062531992143488
44,2024,43,SS,rural,0.945829750644884,0.7896031513645364,-0.011130988538846951,-0.009107172440874778
44,2024,44,SS,rural,1.2706601700582785,0.652429162224203,0.03294600267284326,0.026955820368689938
44,2024,45,SS,rural,0.4490302856596924,0.6443397799991208,0.020433143078612888,0.016718026155228723
44,2024,46,SS,rural,1.0509219451609821,0.975643369105688,-0.005916179866351391,-0.004840510799742047
44,2024,47,SS,rural,0.49679946498519156,0.6437753933300988,0.006649273221553461,0.005440314453998286
44,2024,48,SS,rural,0.6305531670965893,0.8479876580461815,0.0029067649756377234,0.0023782622527945005
45,2024,34,SS,urban,0.5166623611469905,1.0368168252135936,-0.03523271157885444,-0.02882676401906272
45,2024,35,SS,urban,2.0092425155716294,1.6404500782265015,-0.1580919290723127,-0.1293479419682558
45,2024,36,SS,urban,2.052297712333879,1.1189121912478905,-0.06854236396535039,-0.0560801159716503
45,2024,37,SS,urban,0.416200235368409,1.18648823249086,-0.05052508556289956,-0.04133870636964508
45,2024,38,SS,urban,2.1384081058583773,1.6848717892743346,-0.09838382561962493,-0.08049585732514765
45,2024,39,SS,urban,0.15786905479491375,0.739971670068025,0.10732120662866526,0.08780825996890793
45,2024,40,SS,urban,0.6601796836878211,1.1509358023584035,0.08890480765292885,0.07274029717057814
45,2024,41,SS,urban,0.2726829128275783,1.1331325178051839,0.07753097831059677,0.06343443679957916
45,2024,42,SS,urban,0.5884210224174058,1.0749204992101886,0.12064601623629688,0.09871037692060651
45,2024,43,SS,urban,1.9231321220471311,1.5502215463706746,-0.023356772846341783,-0.019110086874279637
45,2024,44,SS,urban,0.43055196762249204,1.1576003815425948,0.02680462255594363,0.02193105481849933
45,2024,45,SS,urban,2.0092425155716294,1.0435023502671437,-0.014401655498251776,-0.011783172680387814
45,2024,46,SS,urban,1.0763799190562302,1.024526913306631,0.07228282164608987,0.059140490437709886
45,2024,47,SS,urban,0.7032348804500703,0.9927675527811146,0.10338409617275184,0.08458698777770603
45,2024,48,SS,urban,1.062028186802147,1.1749345985321693,0.04329295936307013,0.035421512206148274
46,2024,34,SS,rural,0.7472884106243061,0.7527628673042268,-0.009655980981807796,-0.00790034807602456
46,2024,35,SS,rural,0.3522931078657443,0.5929735077366949,0.002312751702705157,0.0018922513931224011
46,2024,36,SS,rural,0.38431975403535745,0.5966237268501329,-0.006242581231707707,-0.005107566462306305
46,2024,37,SS,rural,1.5693056623110428,1.0603037093344743,-0.0357870304203091,-0.029280297616616525
46,2024,38,SS,rural,1.3130924929541379,1.0506679999450361,-0.05705742932680287,-0.046683351267384154
46,2024,39,SS,rural,0.7045862157314886,0.9817645680795247,-0.04467210036470577,-0.036549900298395624
46,2024,40,SS,rural,1.227688103168503,0.9850075652192245,-0.02070695575066622,-0.016942054705090543
46,2024,41,SS,rural,0.2775642668033137,0.5835787541938087,0.0648756754082948,0.053080098061332084
46,2024,42,SS,rural,0.9394482876419848,1.0499717094686785,0.013412558722415093,0.010973911681975984
46,2024,43,SS,rural,0.6405329233922624,0.744233937925974,0.010711562006775177,0.008764005278270598
46,2024,44,SS,rural,0.2989153642497224,0.6546487191155472,0.024154959945010747,0.01976314904591788
46,2024,45,SS,rural,1.3878213340165686,1.1509425915275615,-0.05291457659893349,-0.04329374449003648
46,2024,46,SS,rural,0.7366128619011018,1.080411745410861,0.02051098483677089,0.01678171486644891
46,2024,47,SS,rural,0.715261764454693,1.1759937751762195,0.02875295122341792,0.023525141910069203
46,2024,48,SS,rural,0.0747288410624306,0.6380368551022317,0.07105749402169274,0.058137949654112245
47,2024,34,SS,semi-urban,0.42912788010827224,0.825784862710109,0.0778860282746341,0.06372493222470062
47,2024,35,SS,semi-urban,1.1388393741334917,0.8929189552279834,-0.005495896209812189,-0.004496642353482698
47,2024,36,SS,semi-urban,1.7825311942959001,1.5139324511385188,-0.0306207490353019,-0.025053340119792458
47,2024,37,SS,semi-urban,1.4524328249818446,1.415453643967353,-0.07569268060329717,-0.06193037503906132
47,2024,38,SS,semi-urban,1.799036112761603,1.2733955238814705,-0.017563538874406873,-0.01437016816996926
47,2024,39,SS,semi-urban,1.947580378952928,1.1437351117666539,0.05782993292490684,0.04731539966583286
47,2024,40,SS,semi-urban,1.1883541295306002,0.8320167853008588,0.11702350461262852,0.09574650377396877
47,2024,41,SS,semi-urban,0.8912655971479501,0.9372763723126677,0.10797458816329285,0.08834284486087594
47,2024,42,SS,semi-urban,1.0068000264078696,0.9207451696945943,0.09866806931772937,0.08072842035086947
47,2024,43,SS,semi-urban,0.6436918201624083,0.9624237607659699,0.06870522081242912,0.056213362482896545
47,2024,44,SS,semi-urban,1.6669967650359807,1.5195959417390505,-0.02012449048160265,-0.016465492212220344
47,2024,45,SS,semi-urban,1.4854426619132501,1.417315309244869,-0.015231875420381269,-0.012462443525766491
47,2024,46,SS,semi-urban,2.1291344820756586,1.5668366790857973,0.007859564844952807,0.0064305530549613864
47,2024,47,SS,semi-urban,1.1388393741334917,0.9819891413725526,0.09784400533769066,0.08005418618538326
47,2024,48,SS,semi-urban,0.7427213309566251,0.8224259698054611,0.16571192084241107,0.13558248068924542
48,2024,34,SS,urban,0.0280088507968518,0.8488720825025117,-0.029740412636914106,-0.0243330648847479
48,2024,35,SS,urban,0.26608408257009214,0.9456889622749541,-0.06116986232942482,-0.05004806917862029
48,2024,36,SS,urban,1.3164159874520347,1.098241692510325,-0.07657167449280451,-0.06264955185774913
48,2024,37,SS,urban,1.9466151303812003,1.6635822875590534,-0.045937428812526125,-0.03758516902843046
48,2024,38,SS,urban,0.7702433969134246,1.4508773452368975,-0.07031163121897441,-0.057527698270069955
48,2024,39,SS,urban,0.42013276195277705,1.0386501979209983,-0.007676802339552631,-0.006281020095997606
48,2024,40,SS,urban,2.0446461081701814,1.1740211749158675,0.04398286857195663,0.035985983377055414
48,2024,41,SS,urban,0.36411506035907343,0.8328826475881767,0.12486253373846988,0.10216025487692988
48,2024,42,SS,urban,1.1203540318740721,1.350348419434331,0.03900200494922846,0.03191073132209601
48,2024,43,SS,urban,0.28008850796851803,0.9583322023822123,0.07176385393271886,0.058715880490406325
48,2024,44,SS,urban,0.39212391115592526,0.8300554653947455,0.08414599759448062,0.06884672530457504
48,2024,45,SS,urban,0.8402655239055541,1.3961900214244671,-0.09338159993392578,-0.07640312721866654
48,2024,46,SS,urban,0.8822788001008318,1.2827604135609512,-0.11361765814511392,-0.09295990211872955
48,2024,47,SS,urban,2.0866593843654595,1.7460443390653901,-0.2153994854634065,-0.176235942651878
48,2024,48,SS,urban,2.002632831974904,1.849778976406179,-0.17994345209086077,-0.14722646080161333
49,2024,34,SS,urban,0.38850038850038854,0.5944787292053975,0.0341681478590839,0.027955757339250452
49,2024,35,SS,urban,0.13513056991317862,0.5938253796477235,0.03506642640729149,0.02869071251505667
49,2024,36,SS,urban,0.21114151548934157,0.5639381663847282,0.03179830215695981,0.026016792673876202
49,2024,37,SS,urban,0.6080875646093038,0.6474254408741907,0.004005088730755135,0.0032768907797087457
49,2024,38,SS,urban,1.19928380797946,0.987910842877302,-0.059486701579358967,-0.048670937655839144
49,2024,39,SS,urban,0.3716090672612412,0.7847671542974937,-0.02269485399536563,-0.01856851690529915
49,2024,40,SS,urban,0.08445660619573664,0.6291294622213435,0.010073927960873925,0.008242304695260484
49,2024,41,SS,urban,1.0388162562075607,0.7074965537770828,0.044664168668891883,0.03654341072909335
49,2024,42,SS,urban,0.85301172257694,0.5667822050154451,0.07861177940854273,0.06431872860698949
49,2024,43,SS,urban,0.5658592615114354,0.6182034258893426,0.05284382832112866,0.04323585953546889
49,2024,44,SS,urban,0.0929022668153103,0.5499187641164616,0.06484609310269723,0.05305589435675227
49,2024,45,SS,urban,0.5574136008918618,0.5807365504562709,0.054193161175662447,0.044339859143723806
49,2024,46,SS,urban,1.0219249349684132,0.9117201686002492,0.01220750473866595,0.009987958422544867
49,2024,47,SS,urban,0.20269585486976793,0.6943457128591949,0.0030723448810851066,0.002513736720887814
49,2024,48,SS,urban,0.38005472788081485,0.832178977134548,-0.02141980769230768,-0.017525297202797187
50,2024,34,SS,rural,3.6870391201099864,2.556506620991326,-0.09052059852506118,-0.07406230788414096
50,2024,35,SS,rural,4.280714910636171,2.9252080691918474,0.09144556698546474,0.07481910026083477
50,2024,36,SS,rural,3.3120859892513437,2.5411092669312563,0.07772530938174456,0.06359343494870008
50,2024,37,SS,rural,2.374703162104737,1.6775862498071874,0.274333598221117,0.22445476218091387
50,2024,38,SS,rural,3.062117235345582,1.388506160166146,0.32565820420403185,0.26644762162148056
50,2024,39,SS,rural,0.34370703662042246,1.629559635169008,0.38354043147440975,0.31380580756997156
50,2024,40,SS,rural,1.687289088863892,1.6790904010314596,0.18599108043138649,0.15217452035295256
50,2024,41,SS,rural,1.5935508061492314,1.8921839019707174,0.055017513704178844,0.04501432939432813
50,2024,42,SS,rural,3.624546931633546,2.8064090620965625,-0.030829937716637824,-0.025224494495430943
50,2024,43,SS,rural,1.3123359580052494,2.653892149851379,-0.024188351034167655,-0.019790469027955348
50,2024,44,SS,rural,0.4061992250968629,1.7178211728510877,0.059286002904641394,0.04850672964925204
50,2024,45,SS,rural,1.2185976752905887,1.8509673668830904,0.03967131304964338,0.03245834704061731
50,2024,46,SS,rural,2.5621797275340583,2.212921626362325,0.07140062008737975,0.0584186891624016
50,2024,47,SS,rural,3.8745156855393077,2.7273519772454464,-0.09420400194194471,-0.07707600158886384
50,2024,48,SS,rural,0.18747656542932134,2.2074863890785377,0.02078058758280224,0.01700229893138365
51,2024,34,SS,rural,0.05054334091483447,0.5541229370688701,0.05828708927151201,0.047689436676691635
51,2024,35,SS,rural,0.4211945076236206,0.7028944290974709,0.007204258330448301,0.005894393179457701
51,2024,36,SS,rural,0.17690169320192065,0.81774360423341,-0.033728425101147506,-0.027595984173666134
51,2024,37,SS,rural,0.2190211439642827,0.784299347145393,-0.032974815495528866,-0.026979394496341798
51,2024,38,SS,rural,0.28641226518406204,0.8199794431040563,-0.04904858117851726,-0.040130657327877746
51,2024,39,SS,rural,0.025271670457417236,0.7746483152395762,-0.04820485513596992,-0.039440336020339015
51,2024,40,SS,rural,0.6149439811304861,0.8728972380454186,-0.0904461099182271,-0.07400136266036761
51,2024,41,SS,rural,0.8255412349422964,0.897180545168352,-0.08878289550338524,-0.0726405508664061
51,2024,42,SS,rural,1.0866818296689411,0.8869731579838662,-0.074725110459259,-0.06113872673939372
51,2024,43,SS,rural,0.7244545531126274,0.8579685056105788,-0.04616463301528431,-0.03777106337614171
51,2024,44,SS,rural,0.7076067728076826,0.5665395052499441,0.0034905181468369404,0.002855878483775678
51,2024,45,SS,rural,1.061410159211524,0.6784491302936915,0.008212307166911603,0.006719160409291309
51,2024,46,SS,rural,0.5980962008255413,0.5854339355980707,0.019111409016298108,0.015636607376971177
51,2024,47,SS,rural,1.061410159211524,0.8742749922232612,-0.014690265421826323,-0.012019308072403352
51,2024,48,SS,rural,0.6486395417403757,0.637304058968395,0.006058397333838754,0.00495687054586807
52,2024,34,SS,rural,1.6193323368211259,1.2535626899571284,0.05177377055163465,0.04236035772406471
52,2024,35,SS,rural,0.8511875103803354,1.1971325636971633,0.06992597899896068,0.05721216463551328
52,2024,36,SS,rural,2.553562531141006,2.0907894196631007,-0.06936971085434264,-0.056757036153553056
52,2024,37,SS,rural,1.8892210596246468,1.2980114705394783,0.07966700272380074,0.06518209313765515
52,2024,38,SS,rural,0.8511875103803354,1.6111094669573878,0.046131916889920195,0.03774429563720743
52,2024,39,SS,rural,0.02076067098488623,1.3324843768616677,0.032386264401697853,0.026497852692298242
52,2024,40,SS,rural,2.574323202125892,1.3807717306727008,0.06849256827254921,0.05603937404117661
52,2024,41,SS,rural,0.10380335492443114,1.2734286795253063,0.05479825094512654,0.04483493259146716
52,2024,42,SS,rural,0.16608536787908984,1.2752258541431105,-0.02827457210377035,-0.023133740812175736
52,2024,43,SS,rural,1.6193323368211259,1.5355059043699446,-0.0695508593923204,-0.05690524859371669
52,2024,44,SS,rural,0.8719481813652216,1.2372828909194789,-0.017276232799010492,-0.014135099562826763
52,2024,45,SS,rural,3.1141006477329345,2.316845753744657,-0.17619411520616057,-0.14415882153231319
52,2024,46,SS,rural,0.8304268393954491,1.104026933609418,-0.07584488735230861,-0.062054907833707026
52,2024,47,SS,rural,2.636605215080551,1.5255361798156,-0.09040121573243647,-0.07396463105381164
52,2024,48,SS,rural,1.349443614017605,1.5095148651471106,-0.022773064690250765,-0.01863250747384153
53,2024,34,SS,semi-urban,1.1000305117952176,1.0305106820033274,-0.08735324766721678,-0.07147083900045006
53,2024,35,SS,semi-urban,0.9555009555009555,0.9091474449409481,-0.05372077976803248,-0.04395336526475384
53,2024,36,SS,semi-urban,0.9956480544715839,0.7931253917817989,0.017247550192946964,0.014111631976047513
53,2024,37,SS,semi-urban,0.4496475084710379,0.5954089926906498,0.02566675464269199,0.021000071980384352
53,2024,38,SS,semi-urban,0.7467360408536879,0.6056018699844037,0.026499444823923503,0.0216813639468465
53,2024,39,SS,semi-urban,0.46570634805928923,0.5626797372478938,0.020145127723178682,0.016482377228055282
53,2024,40,SS,semi-urban,0.2649708532061473,0.6297404631652824,0.009955346661473366,0.008145283632114572
53,2024,41,SS,semi-urban,0.9073244367362014,0.8108917123742779,-0.021942756707960958,-0.017953164579240777
53,2024,42,SS,semi-urban,0.08029419794125676,0.5981902452467179,0.009962877014158166,0.00815144482976577
53,2024,43,SS,semi-urban,0.5861476449711743,0.8576007994705861,-0.024449019357682643,-0.02000374311083125
53,2024,44,SS,semi-urban,1.1722952899423487,0.8893888648841431,-0.025697984681315934,-0.02102562383016758
53,2024,45,SS,semi-urban,0.9153538565303271,1.0116973939281109,0.02537308375359257,0.02075979579839392
53,2024,46,SS,semi-urban,0.7065889418830595,0.8704116509297113,0.034969285789392346,0.028611233827684643
53,2024,47,SS,semi-urban,0.8270302387949446,0.6409671892445085,0.09976433242801627,0.08162536289564967
53,2024,48,SS,semi-urban,0.04014709897062838,0.5433104236586348,0.1535271573043632,0.12561312870356986
54,2024,34,SS,rural,0.609702987544639,0.8507472630804926,0.17313821519286376,0.14165853970325215
54,2024,35,SS,rural,1.1613390238945505,0.9237670236403313,0.06727243942576851,0.0550410868029015
54,2024,36,SS,rural,2.1775106698022824,1.1306422458016798,0.056449048831433944,0.04618558540753686
54,2024,37,SS,rural,0.8419707923235491,0.8619535419574252,0.08392711052964548,0.06866763588789175
54,2024,38,SS,rural,1.0742385971024593,1.491147223365322,-0.0559226832665531,-0.04575492267263434
54,2024,39,SS,rural,1.8726591760299627,1.543438027660987,-0.05257308353393307,-0.04301434107321796
54,2024,40,SS,rural,1.1613390238945505,1.2301516529704777,0.004416703751282579,0.003613666705594836
54,2024,41,SS,rural,1.335539877478733,1.5191322337504138,-0.03374293655910288,-0.02760785718472053
54,2024,42,SS,rural,0.9290712191156404,1.3046896523532974,0.0470731833646945,0.03851442275293186
54,2024,43,SS,rural,0.9581046947130042,0.8322887608026054,0.1205584503121592,0.09863873207358478
54,2024,44,SS,rural,0.20323432918154632,0.9218197247776709,0.12337855093088892,0.10094608712527273
54,2024,45,SS,rural,2.046860029614145,1.09948040596712,0.10360203689240009,0.0847653029119637
54,2024,46,SS,rural,1.2484394506866419,0.8121883637067934,0.11985417540027005,0.09806250714567546
54,2024,47,SS,rural,0.4500188717591383,0.8298263823168363,0.13707455515924866,0.11215190876665795
54,2024,48,SS,rural,0.7984205789275035,0.9978373999081385,0.07712482986383301,0.06310213352495428
55,2024,34,SS,rural,0.7745775494812369,0.6881716803624918,-0.010253210562495249,-0.008388990460223384
55,2024,35,SS,rural,0.8866874579587843,1.1001020955142256,-0.014944246315231042,-0.012227110621552668
55,2024,36,SS,rural,1.0191809861595222,1.0445622001365007,-0.06916156700934543,-0.056586736644009886
55,2024,37,SS,rural,0.5911249719725229,0.6420798209427728,0.005437373765233317,0.004448760353372713
55,2024,38,SS,rural,0.24460343667828535,0.5491990206028317,-0.02480723110538652,-0.020296825449861697
55,2024,39,SS,rural,1.0395646058827126,0.9618928620881149,-0.06210605630425941,-0.05081404606712133
55,2024,40,SS,rural,1.4064697609001406,0.993519523168851,-0.0609507219030461,-0.04986877246612862
55,2024,41,SS,rural,0.9784137467131414,0.9758062037145255,-0.05438713221204341,-0.0444985627189446
55,2024,42,SS,rural,1.0293727960211174,0.9596324067060569,-0.03204653758785671,-0.02621989439006458
55,2024,43,SS,rural,0.6624676410036895,0.6711335267701746,0.04203995344491557,0.034396325545840004
55,2024,44,SS,rural,0.9886055565747366,0.6810849282169611,0.03285050678269712,0.026877687367661267
55,2024,45,SS,rural,1.1007154650522841,0.9148237276934098,0.01867151603769426,0.015276694939931664
55,2024,46,SS,rural,1.4370451904849264,1.2460139940546662,0.04164468953511589,0.03407292780145845
55,2024,47,SS,rural,0.183452577508714,0.6137758608470875,0.08689474937167496,0.07109570403137042
55,2024,48,SS,rural,0.3567133451558328,0.6403479822995237,0.09723278853013718,0.07955409970647585
56,2024,34,SS,rural,1.5178465551998104,1.0380997139990833,-0.05953324434145849,-0.048709018097556935
56,2024,35,SS,rural,1.3636902644373297,1.2164658425840325,-0.053970684679325594,-0.0441578329194482
56,2024,36,SS,rural,1.2925412071623386,1.0546915390058653,-0.05389328208895566,-0.044094503527327356
56,2024,37,SS,rural,1.4229811454998222,0.903817771080342,0.004839369114750504,0.003959483821159503
56,2024,38,SS,rural,0.9723704494248785,0.6680065460202403,0.03264589470020141,0.026710277481982965
56,2024,39,SS,rural,0.49804340092493776,0.7179208751174138,0.013421673640098936,0.010981369341899127
56,2024,40,SS,rural,1.007944978062374,0.982237491711629,-0.020419612631715253,-0.016706955789585205
56,2024,41,SS,rural,1.5059883789873119,1.0768830049977003,-0.029561279686816048,-0.0241865015619404
56,2024,42,SS,rural,0.023716352424997037,0.7875579299025857,-0.01066405062219675,-0.008725132327251885
56,2024,43,SS,rural,0.64034151547492,1.0287239148017113,-0.0343911532672687,-0.028138216309583478
56,2024,44,SS,rural,0.8775050397248904,0.7954097062239119,0.0004999259185571968,0.0004090302970013428
56,2024,45,SS,rural,1.0198031542748724,1.140450997370828,0.02274502413245288,0.018609565199279626
56,2024,46,SS,rural,1.0672358591248665,0.9752765960942278,0.0016304040113245776,0.0013339669183564725
56,2024,47,SS,rural,0.5573342819874303,0.7262717599803123,0.08612598408039844,0.07046671424759872
56,2024,48,SS,rural,0.03557452863749555,0.6629409333853541,0.11955567639037118,0.09781828068303094
57,2024,34,SS,urban,1.2848622014758233,1.247334187313707,-0.025773577617576354,-0.021087472596198833
57,2024,35,SS,urban,0.094301812952354,0.7570211432664734,0.01095246866754834,0.008961110727994093
57,2024,36,SS,urban,0.5422354244760356,0.6379637396579845,0.0652982042225823,0.05342580345484006
57,2024,37,SS,urban,1.7681589928566377,1.0496504885484443,-0.009072357941347921,-0.0074228383156482985
57,2024,38,SS,urban,0.4007827050475045,0.8186875254458195,0.041501365592816586,0.03395566275775902
57,2024,39,SS,urban,0.094301812952354,0.777692508452076,-0.037862089436027285,-0.03097807317493141
57,2024,40,SS,urban,0.7308390503807436,1.2017614646933674,-0.04486686860948798,-0.03670925613503562
57,2024,41,SS,urban,1.4263149209043544,1.0466928451079,-0.02199524703175312,-0.017996111207798007
57,2024,42,SS,urban,0.035363179857132755,1.0421075167740665,-0.02618414970159529,-0.02142339521039614
57,2024,43,SS,urban,0.3654195251903718,0.879028287388635,-0.04335766594445714,-0.03547445395455584
57,2024,44,SS,urban,1.6974326331423721,1.0787730435534757,-0.017139883618102206,-0.014023541142083623
57,2024,45,SS,urban,0.8840794964283188,0.9051675129181429,0.020369930861428555,0.016666307068441542
57,2024,46,SS,urban,1.037319942475894,1.0777732973694565,-0.04041577891591817,-0.03306745547666031
57,2024,47,SS,urban,0.5540231510950798,0.6631371569544607,-0.0033607190949383504,-0.0027496792594950137
57,2024,48,SS,urban,1.4616781007614872,0.7773537712562361,0.0014046310441568107,0.001149243581582845
58,2024,34,SS,urban,0.4258385744234801,0.7712697173269725,-0.04802529197279946,-0.03929342070501773
58,2024,35,SS,urban,1.1464884696016773,1.0263244807462861,-0.09149324855232074,-0.07485811245189877
58,2024,36,SS,urban,1.1137316561844863,1.0573722519718218,-0.1031242650607875,-0.08437439868609886
58,2024,37,SS,urban,1.1874344863731656,0.9080201409275866,-0.06499886666057679,-0.05318089090410827
58,2024,38,SS,urban,0.5732442348008386,0.6996324636836088,0.004522551660149129,0.003700269540122013
58,2024,39,SS,urban,1.0400288259958073,0.6881412033185543,0.04989464160632922,0.04082288858699663
58,2024,40,SS,urban,0.049135220125786166,0.6354176566138058,0.07332794145540984,0.059995588463517144
58,2024,41,SS,urban,0.9171907756813418,0.6473749509227543,0.05130403069981616,0.0419760251180314
58,2024,42,SS,urban,0.6060010482180294,0.6676084990249513,0.048362056843230077,0.039568955599006424
58,2024,43,SS,urban,1.1464884696016773,0.8684823024982458,0.07582404965886047,0.06203785881179491
58,2024,44,SS,urban,0.18016247379454928,0.5700702369951619,0.08205778890492038,0.06713819092220757
58,2024,45,SS,urban,0.46678459119496857,0.6026862638280409,0.08883653437136395,0.07268443721293412
58,2024,46,SS,urban,0.44221698113207547,0.6067001164697897,0.06794856369866188,0.05559427938981426
58,2024,47,SS,urban,0.5241090146750524,0.7493286806817379,0.05079534358539701,0.04155982656987028
58,2024,48,SS,urban,0.31118972746331236,0.7050748853987867,0.0006051306177935011,0.0004951068691037736
59,2024,34,SS,rural,1.4704002045774196,0.6977670416421902,0.08816496228312343,0.07213496914073733
59,2024,35,SS,rural,0.1491710352469846,0.634937484273629,0.13011331210032967,0.10645634626390607
59,2024,36,SS,rural,0.031965221838639556,0.6970416446857688,0.06683791646113402,0.054685568013655095
59,2024,37,SS,rural,0.3729275881174615,0.6653786203602612,0.036427641147461096,0.029804433666104524
59,2024,38,SS,rural,0.33030729233260875,0.7094859087646517,0.039400216180201064,0.032236540511073594
59,2024,39,SS,rural,0.2344116268166901,1.076567308355683,-0.08760351066242082,-0.07167559963288976
59,2024,40,SS,rural,0.13851596130077143,1.1874048133606752,-0.12211887036897313,-0.0999154393927962
59,2024,41,SS,rural,1.4384349827387801,1.5364775309531578,-0.1669993165352057,-0.13663580443789555
59,2024,42,SS,rural,0.8737160635894813,1.4159705462379784,-0.149053676436939,-0.12195300799385916
59,2024,43,SS,rural,1.1187827643523847,1.3658289115536673,-0.13746313339719582,-0.11246983641588745
59,2024,44,SS,rural,0.4688232536333802,1.0635213482403971,-0.0858636995836432,-0.07025211784116261
59,2024,45,SS,rural,0.7671653241273494,0.7925846714888076,-0.024146995258709572,-0.01975663248439874
59,2024,46,SS,rural,0.9696117291053999,1.0374323460701722,-0.05838348443495078,-0.0477683054467779
59,2024,47,SS,rural,0.5966841409879384,0.8271131345680717,-0.05707056693624005,-0.04669410022056003
59,2024,48,SS,rural,1.5343306482546988,1.2281386489354027,-0.11586933778715422,-0.09480218546221708
60,2024,34,SS,rural,0.4477147084014639,1.1927086062656853,0.08205251663624201,0.06713387724783436
60,2024,35,SS,rural,1.362609982091412,1.123792606837096,0.050260132814611204,0.041121926848318245
60,2024,36,SS,rural,0.2530561395312622,1.1129446771084626,0.08115635695507188,0.06640065569051336
60,2024,37,SS,rural,1.2068831269952505,1.3612337997298973,0.0026757957330828374,0.0021892874179768665
60,2024,38,SS,rural,0.2530561395312622,1.162023541503967,0.0475421958840696,0.03889816026878421
60,2024,39,SS,rural,1.2263489838822708,0.96231911345576,0.015930997671895448,0.013034452640641729
60,2024,40,SS,rural,0.3893171377404034,1.0506032082759935,-0.10317534696054431,-0.08441619296771805
60,2024,41,SS,rural,2.6668223935217634,2.17124517600369,-0.19775001508906,-0.1617954668910491
60,2024,42,SS,rural,0.48664642217550425,2.0848088897325954,-0.21543320396593388,-0.17626353051758223
60,2024,43,SS,rural,1.9855174024760573,2.2401380602052834,-0.2133019998413942,-0.17451981805204975
60,2024,44,SS,rural,2.063380830024138,1.9417043980143374,-0.15830350170600177,-0.12952104685036508
60,2024,45,SS,rural,2.6084248228607025,1.6183272549223156,0.001141159486848428,0.0009336759437850771
60,2024,46,SS,rural,1.2458148407692908,1.5378850158441968,0.03882213470932617,0.03176356476217595
60,2024,47,SS,rural,2.530561395312622,1.2708767406060784,0.11764392536303835,0.09625412075157681
60,2024,48,SS,rural,0.2530561395312622,1.1054824809373665,0.2060056893833218,0.16855010949544508
61,2024,34,SS,semi-urban,1.7574899740504837,1.6598407343704866,0.04426374706346015,0.03621579305192194
61,2024,35,SS,semi-urban,1.1087520641660769,1.1417093967228271,0.0686771571781722,0.05619040132759544
61,2024,36,SS,semi-urban,0.6369426751592356,0.9251144029738052,0.04519285573856016,0.03697597287700376
61,2024,37,SS,semi-urban,0.6015569709837225,0.7246378705225185,0.13055430665413856,0.10681715998974972
61,2024,38,SS,semi-urban,0.3184713375796178,0.6535280016350237,0.10096839234947172,0.08261050283138593
61,2024,39,SS,semi-urban,1.0497758905402217,1.1414078198389457,-0.007171587238783265,-0.0058676622862772155
61,2024,40,SS,semi-urban,1.4036329322953527,1.20343819274774,-0.03418265431250951,-0.027967626255689597
61,2024,41,SS,semi-urban,0.12974758197688133,0.7293164114285824,0.010884842941927191,0.00890578058884952
61,2024,42,SS,semi-urban,0.4600141542816702,0.862679039831488,-0.01845366440990341,-0.015098452699011881
61,2024,43,SS,semi-urban,1.521585279547063,0.7826124013026383,-0.0013154795988869605,-0.001076301489998422
61,2024,44,SS,semi-urban,0.2948808681292758,0.7704817586186784,-0.00017210772970169402,-0.0001408154152104769
61,2024,45,SS,semi-urban,0.9672092474640245,1.1110473918832038,-0.09792700231672273,-0.0801220928045913
61,2024,46,SS,semi-urban,0.5425807973578675,1.00496026787113,-0.05536923901952114,-0.045302104652335466
61,2024,47,SS,semi-urban,0.778485491861288,1.0073039195189912,-0.05017218232484079,-0.04104996735668791
61,2024,48,SS,semi-urban,1.179523472517103,1.19994277853576,-0.09302417020523711,-0.0761106847133758
62,2024,34,SS,urban,1.3891442462871033,1.0352672967031435,-0.06922497437653843,-0.056638615398985986
62,2024,35,SS,urban,0.4800719086433372,0.6271472968686909,0.012832914857894449,0.010499657611004546
62,2024,36,SS,urban,0.5311433882862454,0.6219104548823129,0.010272306853105416,0.008404614697995338
62,2024,37,SS,urban,0.827357970215113,0.685017561220131,-0.0014699236128656687,-0.0012026647741628196
62,2024,38,SS,urban,0.858000858000858,0.7940756851644741,0.01657344962906156,0.013560095151050364
62,2024,39,SS,urban,0.3983575412146841,0.8720204885211337,-0.041946378013855555,-0.03431976382951817
62,2024,40,SS,urban,1.3687156544299401,1.0315629913854232,-0.048745596414404416,-0.03988276070269452
62,2024,41,SS,urban,0.43921472492901065,0.5858890118602855,0.006207789982188334,0.005079100894517727
62,2024,42,SS,urban,1.0725010725010724,0.9991803563519318,-0.02532584869347014,-0.02072114893102102
62,2024,43,SS,urban,1.1542154399297255,0.9117804047179565,-0.020477725361980056,-0.016754502568892767
62,2024,44,SS,urban,0.34728606157177583,0.6496475808933053,0.03343423262972272,0.027355281242500404
62,2024,45,SS,urban,1.113358256215399,0.9763561407907637,-0.03255844267048605,-0.02663872582130676
62,2024,46,SS,urban,0.8682151539294396,0.6435900166072032,0.01641558721800881,0.013430934996552662
62,2024,47,SS,urban,0.6843578272149701,0.7004135884983369,-0.0017282019698269806,-0.0014139834298584383
62,2024,48,SS,urban,1.3482870625727768,0.9995465890960726,-0.0498289859757717,-0.0407691703438132
63,2024,34,SS,rural,0.8289241622574955,1.668412229130162,-0.13862757525673927,-0.11342256157369576
63,2024,35,SS,rural,1.728395061728395,2.2047880207811703,-0.2075551900277871,-0.1698178827500076
63,2024,36,SS,rural,1.5873015873015872,1.700464186535819,-0.14010269636212783,-0.11462947884174093
63,2024,37,SS,rural,2.328042328042328,1.8689995313488255,-0.13728344817454305,-0.11232282123371704
63,2024,38,SS,rural,1.7989417989417988,1.185510663342586,-0.023515162198619526,-0.019239678162506883
63,2024,39,SS,rural,0.582010582010582,1.089181178957122,0.040917828165996276,0.03347822304490604
63,2024,40,SS,rural,0.582010582010582,0.8177280374801577,-0.010151119632646064,-0.008305461517619506
63,2024,41,SS,rural,1.8694885361552027,1.5819683481982587,-0.07357803857503341,-0.06020021337957278
63,2024,42,SS,rural,1.3227513227513228,1.5018234923491236,-0.11713219415700209,-0.09583543158300169
63,2024,43,SS,rural,2.328042328042328,1.8231074741857218,-0.16073517349646038,-0.13151059649710395
63,2024,44,SS,rural,1.128747795414462,1.433833703441698,-0.06150727495461246,-0.050324134053773825
63,2024,45,SS,rural,1.4285714285714286,1.4253910990403822,0.016814730477557324,0.01375750675436508
63,2024,46,SS,rural,1.4814814814814814,1.249247699432039,0.009791447702821872,0.008011184484126986
63,2024,47,SS,rural,0.7407407407407407,1.0336647730296076,0.052488408024691346,0.0429450611111111
63,2024,48,SS,rural,1.6225749559082892,1.474306939207171,-0.04683190440917107,-0.03831701269841269
64,2024,34,SS,urban,0.2763270607090552,1.2804735733718835,-0.06912075810407008,-0.056553347539693696
64,2024,35,SS,urban,1.4092680096161818,1.3544539539862952,-0.06913748930146484,-0.05656703670119849
64,2024,36,SS,urban,1.9895548371051976,1.168491133251362,-0.03153954070961234,-0.025805078762410096
64,2024,37,SS,urban,1.7684931885379536,1.2373646515957213,-0.007538882074429681,-0.006168176242715193
64,2024,38,SS,urban,1.1191245958716738,0.9143007166011253,0.10937230534094013,0.08948643164258736
64,2024,39,SS,urban,0.3039597667799608,0.654429790435988,0.22615349016629205,0.18503467377242072
64,2024,40,SS,urban,1.5750642460416149,0.9642395280500192,0.23038596622273905,0.18849760872769555
64,2024,41,SS,urban,0.8013484760562601,0.7676673724225497,0.22022542285988506,0.18018443688536045
64,2024,42,SS,urban,0.4421232971344884,0.8950641313275621,0.1567458012213808,0.12824656463567516
64,2024,43,SS,urban,1.6717787172897842,0.8712449645826223,0.09685726126245217,0.07924685012382449
64,2024,44,SS,urban,0.19342894249633866,0.8802708793251005,0.1558428544756326,0.12750779002551757
64,2024,45,SS,urban,0.8013484760562601,0.8312605626699562,0.040056349375867974,0.03277337676207379
64,2024,46,SS,urban,0.23487800160269695,0.706812320972436,0.0007626873713041207,0.0006240169401579168
64,2024,47,SS,urban,1.2849208322971069,1.5553612925098352,-0.053399383587208846,-0.04369040475317086
64,2024,48,SS,urban,0.9947774185525988,1.5235439836738784,-0.11888877031003897,-0.09727263025366822
65,2024,34,SS,urban,2.8276779773785763,2.093069784916019,-0.11192153094636668,-0.0915721616833909
65,2024,35,SS,urban,2.0791749833666002,1.6851126510517782,-0.04923805221671538,-0.04028567908640348
65,2024,36,SS,urban,0.8316699933466402,0.8858076238333078,0.11868715623658654,0.09710767328447989
65,2024,37,SS,urban,2.5573852295409183,1.886844059673793,0.024930166549596074,0.02039740899512406
65,2024,38,SS,urban,1.7465069860279443,1.448721098042896,0.1269368784402623,0.10385744599657823
65,2024,39,SS,urban,1.4138389886892881,1.810673274579816,0.10049338607395276,0.08222186133323407
65,2024,40,SS,urban,0.06237524950099801,1.1972340371921948,0.09574585367347531,0.07833751664193432
65,2024,41,SS,urban,2.9940119760479043,1.2474325295777284,0.11360075893742307,0.09294607549425522
65,2024,42,SS,urban,0.7069194943446441,1.1974762849819347,0.09238079115483708,0.0755842836721394
65,2024,43,SS,urban,0.14554224883566202,1.196788203545653,0.016161466541043595,0.013223018079035666
65,2024,44,SS,urban,1.7672987358616103,1.9706115418137573,-0.11311434675461778,-0.0925481018901418
65,2024,45,SS,urban,2.0791749833666002,1.9202818045598384,-0.021908783758271377,-0.017925368529494758
65,2024,46,SS,urban,2.4742182302062545,2.0357169495569845,-0.08473117917660512,-0.06932551023540419
65,2024,47,SS,urban,2.515801729873586,2.101837693478245,0.0067036729416168036,0.005484823315868292
65,2024,48,SS,urban,0.395043246839654,0.8404571366664781,0.22683582210578856,0.1855929453592815
66,2024,34,SS,rural,0.8242143658810326,0.9957464101744721,-0.08726350685445174,-0.07139741469909687
66,2024,35,SS,rural,1.166175645342312,1.074940999138337,-0.10840609241743762,-0.0886958937960853
66,2024,36,SS,rural,0.06137766554433221,0.8608721708466043,-0.057635029268428124,-0.04715593303780482
66,2024,37,SS,rural,0.9031285072951739,0.9150948867135344,-0.05629292486567681,-0.04605784761737192
66,2024,38,SS,rural,0.3507295173961841,0.5670541680651909,-0.0014465980339921705,-0.0011835802096299575
66,2024,39,SS,rural,0.23674242424242423,0.6800487776772499,-0.008095316528061676,-0.006623440795686823
66,2024,40,SS,rural,0.55239898989899,0.8794140167331366,-0.06576349416305236,-0.05380649522431555
66,2024,41,SS,rural,0.6839225589225589,0.8772876188352797,-0.026275426323264253,-0.02149807608267075
66,2024,42,SS,rural,0.37703423120089785,0.8321135804025023,-0.03996902902459123,-0.03270193283830191
66,2024,43,SS,rural,0.99081088664422,0.9005777035078445,-0.050663219735049,-0.041451725237767356
66,2024,44,SS,rural,0.7716049382716049,0.7989451668599746,-0.009740911585953992,-0.007969836752144174
66,2024,45,SS,rural,0.5260942760942761,0.6777224566949722,0.004837268053994024,0.003957764771449656
66,2024,46,SS,rural,0.9820426487093153,0.8198890690111611,-0.004127768610243052,-0.003377265226562496
66,2024,47,SS,rural,0.6751543209876543,0.6010775737715501,0.04304506964699076,0.03521869334753788
66,2024,48,SS,rural,0.48225308641975306,0.6071492952084061,0.034717022569444436,0.028404836647727263
67,2024,34,SS,rural,0.3311189751867718,0.6372853445681336,0.04950595254646393,0.04050487026528866
67,2024,35,SS,rural,0.020694935949173238,0.6503158452391841,0.03492222976830618,0.028572733446795964
67,2024,36,SS,rural,0.217296827466319,0.6274898579437802,0.015035629200564317,0.012301878436825349
67,2024,37,SS,rural,0.8071025020177562,1.050392124670959,0.012658406285995866,0.010356877870360253
67,2024,38,SS,rural,0.1552120196187993,0.6486159726350298,0.031520127089269455,0.02578919489122046
67,2024,39,SS,rural,0.8795347778398627,0.937875487653059,0.02986707255976229,0.024436695730714598
67,2024,40,SS,rural,0.031042403923759856,0.5925013009573372,0.08646926808490783,0.07074758297856094
67,2024,41,SS,rural,1.2727385608741542,0.7253108719606037,0.08725140533104045,0.07138751345266944
67,2024,42,SS,rural,0.20694935949173238,0.5575738477770107,0.09968481927475964,0.08156030667934877
67,2024,43,SS,rural,0.9933569255603154,0.7489115076921198,0.07262824523366111,0.0594231097366318
